police_district,analysis_neighborhood,time_of_day,incident_count,normalized_incidents,cluster
BAYVIEW,Bayview Hunters Point,0,18,-0.21780823987136755,0
BAYVIEW,Bayview Hunters Point,1,14,-0.23528174973381066,0
BAYVIEW,Bayview Hunters Point,2,29,-0.16975608774964898,0
BAYVIEW,Bayview Hunters Point,3,12,-0.24401850466503222,0
BAYVIEW,Bayview Hunters Point,4,33,-0.15228257788720587,0
BAYVIEW,Bayview Hunters Point,5,23,-0.19596635254331365,0
BAYVIEW,Bayview Hunters Point,6,37,-0.13480906802476275,0
BAYVIEW,Bayview Hunters Point,7,30,-0.1653877102840382,0
BAYVIEW,Bayview Hunters Point,8,47,-0.09112529336865496,0
BAYVIEW,Bayview Hunters Point,9,48,-0.08675691590304418,0
BAYVIEW,Bayview Hunters Point,10,48,-0.08675691590304418,0
BAYVIEW,Bayview Hunters Point,11,52,-0.06928340604060107,0
BAYVIEW,Bayview Hunters Point,12,83,0.06613629539333309,4
BAYVIEW,Bayview Hunters Point,13,52,-0.06928340604060107,0
BAYVIEW,Bayview Hunters Point,14,47,-0.09112529336865496,0
BAYVIEW,Bayview Hunters Point,15,44,-0.1042304257654873,0
BAYVIEW,Bayview Hunters Point,16,57,-0.04744151871254717,0
BAYVIEW,Bayview Hunters Point,17,56,-0.05180989617815795,0
BAYVIEW,Bayview Hunters Point,18,48,-0.08675691590304418,0
BAYVIEW,Bayview Hunters Point,19,49,-0.0823885384374334,0
BAYVIEW,Bayview Hunters Point,20,41,-0.11733555816231964,0
BAYVIEW,Bayview Hunters Point,21,36,-0.13917744549037353,0
BAYVIEW,Bayview Hunters Point,22,36,-0.13917744549037353,0
BAYVIEW,Bayview Hunters Point,23,31,-0.16101933281842742,0
BAYVIEW,Bernal Heights,16,1,-0.2920706567867508,0
BAYVIEW,Excelsior,0,1,-0.2920706567867508,0
BAYVIEW,Excelsior,1,1,-0.2920706567867508,0
BAYVIEW,Excelsior,2,4,-0.27896552438991845,0
BAYVIEW,Excelsior,4,1,-0.2920706567867508,0
BAYVIEW,Excelsior,5,1,-0.2920706567867508,0
BAYVIEW,Excelsior,7,1,-0.2920706567867508,0
BAYVIEW,Excelsior,8,10,-0.2527552595962538,0
BAYVIEW,Excelsior,9,25,-0.1872295976120921,0
BAYVIEW,Excelsior,10,1,-0.2920706567867508,0
BAYVIEW,Excelsior,11,9,-0.2571236370618646,0
BAYVIEW,Excelsior,12,6,-0.2702287694586969,0
BAYVIEW,Excelsior,13,3,-0.28333390185552926,0
BAYVIEW,Excelsior,14,3,-0.28333390185552926,0
BAYVIEW,Excelsior,15,7,-0.26586039199308614,0
BAYVIEW,Excelsior,16,6,-0.2702287694586969,0
BAYVIEW,Excelsior,17,4,-0.27896552438991845,0
BAYVIEW,Excelsior,18,3,-0.28333390185552926,0
BAYVIEW,Excelsior,20,1,-0.2920706567867508,0
BAYVIEW,Excelsior,21,4,-0.27896552438991845,0
BAYVIEW,Excelsior,22,2,-0.28770227932114,0
BAYVIEW,McLaren Park,0,6,-0.2702287694586969,0
BAYVIEW,McLaren Park,1,2,-0.28770227932114,0
BAYVIEW,McLaren Park,3,3,-0.28333390185552926,0
BAYVIEW,McLaren Park,5,4,-0.27896552438991845,0
BAYVIEW,McLaren Park,6,6,-0.2702287694586969,0
BAYVIEW,McLaren Park,7,2,-0.28770227932114,0
BAYVIEW,McLaren Park,8,3,-0.28333390185552926,0
BAYVIEW,McLaren Park,9,5,-0.2745971469243077,0
BAYVIEW,McLaren Park,10,1,-0.2920706567867508,0
BAYVIEW,McLaren Park,11,6,-0.2702287694586969,0
BAYVIEW,McLaren Park,12,5,-0.2745971469243077,0
BAYVIEW,McLaren Park,13,8,-0.26149201452747534,0
BAYVIEW,McLaren Park,14,3,-0.28333390185552926,0
BAYVIEW,McLaren Park,15,8,-0.26149201452747534,0
BAYVIEW,McLaren Park,16,6,-0.2702287694586969,0
BAYVIEW,McLaren Park,17,1,-0.2920706567867508,0
BAYVIEW,McLaren Park,18,3,-0.28333390185552926,0
BAYVIEW,McLaren Park,19,4,-0.27896552438991845,0
BAYVIEW,McLaren Park,20,4,-0.27896552438991845,0
BAYVIEW,McLaren Park,21,7,-0.26586039199308614,0
BAYVIEW,McLaren Park,22,2,-0.28770227932114,0
BAYVIEW,McLaren Park,23,4,-0.27896552438991845,0
BAYVIEW,Portola,0,8,-0.26149201452747534,0
BAYVIEW,Portola,1,11,-0.248386882130643,0
BAYVIEW,Portola,2,10,-0.2527552595962538,0
BAYVIEW,Portola,3,14,-0.23528174973381066,0
BAYVIEW,Portola,4,10,-0.2527552595962538,0
BAYVIEW,Portola,5,6,-0.2702287694586969,0
BAYVIEW,Portola,6,11,-0.248386882130643,0
BAYVIEW,Portola,7,12,-0.24401850466503222,0
BAYVIEW,Portola,8,14,-0.23528174973381066,0
BAYVIEW,Portola,9,26,-0.18286122014648132,0
BAYVIEW,Portola,10,20,-0.209071484940146,0
BAYVIEW,Portola,11,20,-0.209071484940146,0
BAYVIEW,Portola,12,14,-0.23528174973381066,0
BAYVIEW,Portola,13,19,-0.21343986240575677,0
BAYVIEW,Portola,14,10,-0.2527552595962538,0
BAYVIEW,Portola,15,17,-0.22217661733697833,0
BAYVIEW,Portola,16,15,-0.23091337226819988,0
BAYVIEW,Portola,17,11,-0.248386882130643,0
BAYVIEW,Portola,18,23,-0.19596635254331365,0
BAYVIEW,Portola,19,19,-0.21343986240575677,0
BAYVIEW,Portola,20,18,-0.21780823987136755,0
BAYVIEW,Portola,21,10,-0.2527552595962538,0
BAYVIEW,Portola,22,9,-0.2571236370618646,0
BAYVIEW,Portola,23,12,-0.24401850466503222,0
BAYVIEW,Potrero Hill,0,1,-0.2920706567867508,0
BAYVIEW,Potrero Hill,1,2,-0.28770227932114,0
BAYVIEW,Potrero Hill,3,1,-0.2920706567867508,0
BAYVIEW,Potrero Hill,4,1,-0.2920706567867508,0
BAYVIEW,Potrero Hill,5,1,-0.2920706567867508,0
BAYVIEW,Potrero Hill,7,3,-0.28333390185552926,0
BAYVIEW,Potrero Hill,8,2,-0.28770227932114,0
BAYVIEW,Potrero Hill,9,5,-0.2745971469243077,0
BAYVIEW,Potrero Hill,10,2,-0.28770227932114,0
BAYVIEW,Potrero Hill,11,2,-0.28770227932114,0
BAYVIEW,Potrero Hill,12,2,-0.28770227932114,0
BAYVIEW,Potrero Hill,14,5,-0.2745971469243077,0
BAYVIEW,Potrero Hill,15,3,-0.28333390185552926,0
BAYVIEW,Potrero Hill,16,4,-0.27896552438991845,0
BAYVIEW,Potrero Hill,17,3,-0.28333390185552926,0
BAYVIEW,Potrero Hill,18,1,-0.2920706567867508,0
BAYVIEW,Potrero Hill,19,5,-0.2745971469243077,0
BAYVIEW,Potrero Hill,20,3,-0.28333390185552926,0
BAYVIEW,Potrero Hill,22,1,-0.2920706567867508,0
BAYVIEW,Potrero Hill,23,1,-0.2920706567867508,0
CENTRAL,Chinatown,0,7,-0.26586039199308614,0
CENTRAL,Chinatown,1,2,-0.28770227932114,0
CENTRAL,Chinatown,2,1,-0.2920706567867508,0
CENTRAL,Chinatown,5,1,-0.2920706567867508,0
CENTRAL,Chinatown,7,3,-0.28333390185552926,0
CENTRAL,Chinatown,9,3,-0.28333390185552926,0
CENTRAL,Chinatown,10,2,-0.28770227932114,0
CENTRAL,Chinatown,11,3,-0.28333390185552926,0
CENTRAL,Chinatown,12,5,-0.2745971469243077,0
CENTRAL,Chinatown,13,1,-0.2920706567867508,0
CENTRAL,Chinatown,14,3,-0.28333390185552926,0
CENTRAL,Chinatown,15,8,-0.26149201452747534,0
CENTRAL,Chinatown,16,2,-0.28770227932114,0
CENTRAL,Chinatown,17,4,-0.27896552438991845,0
CENTRAL,Chinatown,18,4,-0.27896552438991845,0
CENTRAL,Chinatown,19,4,-0.27896552438991845,0
CENTRAL,Chinatown,20,2,-0.28770227932114,0
CENTRAL,Chinatown,21,3,-0.28333390185552926,0
CENTRAL,Chinatown,22,5,-0.2745971469243077,0
CENTRAL,Chinatown,23,6,-0.2702287694586969,0
CENTRAL,Financial District/South Beach,0,18,-0.21780823987136755,0
CENTRAL,Financial District/South Beach,1,23,-0.19596635254331365,0
CENTRAL,Financial District/South Beach,2,7,-0.26586039199308614,0
CENTRAL,Financial District/South Beach,3,10,-0.2527552595962538,0
CENTRAL,Financial District/South Beach,4,20,-0.209071484940146,0
CENTRAL,Financial District/South Beach,5,15,-0.23091337226819988,0
CENTRAL,Financial District/South Beach,6,21,-0.2047031074745352,0
CENTRAL,Financial District/South Beach,7,45,-0.09986204829987652,0
CENTRAL,Financial District/South Beach,8,41,-0.11733555816231964,0
CENTRAL,Financial District/South Beach,9,53,-0.06491502857499029,0
CENTRAL,Financial District/South Beach,10,33,-0.15228257788720587,0
CENTRAL,Financial District/South Beach,11,49,-0.0823885384374334,0
CENTRAL,Financial District/South Beach,12,61,-0.02996800885010405,0
CENTRAL,Financial District/South Beach,13,46,-0.09549367083426574,0
CENTRAL,Financial District/South Beach,14,51,-0.07365178350621185,0
CENTRAL,Financial District/South Beach,15,35,-0.1435458229559843,0
CENTRAL,Financial District/South Beach,16,57,-0.04744151871254717,0
CENTRAL,Financial District/South Beach,17,36,-0.13917744549037353,0
CENTRAL,Financial District/South Beach,18,55,-0.05617827364376873,0
CENTRAL,Financial District/South Beach,19,18,-0.21780823987136755,0
CENTRAL,Financial District/South Beach,20,21,-0.2047031074745352,0
CENTRAL,Financial District/South Beach,21,18,-0.21780823987136755,0
CENTRAL,Financial District/South Beach,22,19,-0.21343986240575677,0
CENTRAL,Financial District/South Beach,23,18,-0.21780823987136755,0
CENTRAL,Nob Hill,0,2,-0.28770227932114,0
CENTRAL,Nob Hill,1,2,-0.28770227932114,0
CENTRAL,Nob Hill,2,1,-0.2920706567867508,0
CENTRAL,Nob Hill,3,1,-0.2920706567867508,0
CENTRAL,Nob Hill,4,3,-0.28333390185552926,0
CENTRAL,Nob Hill,5,1,-0.2920706567867508,0
CENTRAL,Nob Hill,6,2,-0.28770227932114,0
CENTRAL,Nob Hill,7,6,-0.2702287694586969,0
CENTRAL,Nob Hill,8,6,-0.2702287694586969,0
CENTRAL,Nob Hill,9,4,-0.27896552438991845,0
CENTRAL,Nob Hill,10,7,-0.26586039199308614,0
CENTRAL,Nob Hill,11,4,-0.27896552438991845,0
CENTRAL,Nob Hill,12,3,-0.28333390185552926,0
CENTRAL,Nob Hill,13,3,-0.28333390185552926,0
CENTRAL,Nob Hill,14,3,-0.28333390185552926,0
CENTRAL,Nob Hill,15,3,-0.28333390185552926,0
CENTRAL,Nob Hill,16,3,-0.28333390185552926,0
CENTRAL,Nob Hill,17,3,-0.28333390185552926,0
CENTRAL,Nob Hill,18,4,-0.27896552438991845,0
CENTRAL,Nob Hill,19,2,-0.28770227932114,0
CENTRAL,Nob Hill,20,4,-0.27896552438991845,0
CENTRAL,Nob Hill,21,3,-0.28333390185552926,0
CENTRAL,Nob Hill,22,4,-0.27896552438991845,0
CENTRAL,Nob Hill,23,7,-0.26586039199308614,0
CENTRAL,North Beach,0,2,-0.28770227932114,0
CENTRAL,North Beach,1,2,-0.28770227932114,0
CENTRAL,North Beach,2,1,-0.2920706567867508,0
CENTRAL,North Beach,3,1,-0.2920706567867508,0
CENTRAL,North Beach,5,1,-0.2920706567867508,0
CENTRAL,North Beach,6,1,-0.2920706567867508,0
CENTRAL,North Beach,7,2,-0.28770227932114,0
CENTRAL,North Beach,8,5,-0.2745971469243077,0
CENTRAL,North Beach,9,2,-0.28770227932114,0
CENTRAL,North Beach,10,6,-0.2702287694586969,0
CENTRAL,North Beach,11,6,-0.2702287694586969,0
CENTRAL,North Beach,12,7,-0.26586039199308614,0
CENTRAL,North Beach,13,8,-0.26149201452747534,0
CENTRAL,North Beach,14,4,-0.27896552438991845,0
CENTRAL,North Beach,15,5,-0.2745971469243077,0
CENTRAL,North Beach,16,7,-0.26586039199308614,0
CENTRAL,North Beach,17,5,-0.2745971469243077,0
CENTRAL,North Beach,18,4,-0.27896552438991845,0
CENTRAL,North Beach,19,6,-0.2702287694586969,0
CENTRAL,North Beach,20,2,-0.28770227932114,0
CENTRAL,North Beach,21,3,-0.28333390185552926,0
CENTRAL,North Beach,22,2,-0.28770227932114,0
CENTRAL,North Beach,23,1,-0.2920706567867508,0
CENTRAL,Russian Hill,0,31,-0.16101933281842742,0
CENTRAL,Russian Hill,1,21,-0.2047031074745352,0
CENTRAL,Russian Hill,2,28,-0.17412446521525976,0
CENTRAL,Russian Hill,3,18,-0.21780823987136755,0
CENTRAL,Russian Hill,4,13,-0.23965012719942144,0
CENTRAL,Russian Hill,5,14,-0.23528174973381066,0
CENTRAL,Russian Hill,6,28,-0.17412446521525976,0
CENTRAL,Russian Hill,7,82,0.06176791792772231,4
CENTRAL,Russian Hill,8,124,0.24523977148337503,4
CENTRAL,Russian Hill,9,116,0.2102927517584888,4
CENTRAL,Russian Hill,10,112,0.19281924189604568,4
CENTRAL,Russian Hill,11,143,0.3282389433299798,4
CENTRAL,Russian Hill,12,143,0.3282389433299798,4
CENTRAL,Russian Hill,13,94,0.11418844751505167,4
CENTRAL,Russian Hill,14,100,0.14039871230871634,4
CENTRAL,Russian Hill,15,113,0.19718761936165646,4
CENTRAL,Russian Hill,16,135,0.2932919236050936,4
CENTRAL,Russian Hill,17,126,0.2539765264145966,4
CENTRAL,Russian Hill,18,98,0.13166195737749478,4
CENTRAL,Russian Hill,19,115,0.20592437429287802,4
CENTRAL,Russian Hill,20,77,0.03992603059966841,0
CENTRAL,Russian Hill,21,63,-0.021231253918882493,0
CENTRAL,Russian Hill,22,57,-0.04744151871254717,0
CENTRAL,Russian Hill,23,44,-0.1042304257654873,0
CENTRAL,Tenderloin,0,135,0.2932919236050936,4
CENTRAL,Tenderloin,1,117,0.21466112922409958,4
CENTRAL,Tenderloin,2,105,0.16224059963677023,4
CENTRAL,Tenderloin,3,88,0.08797818272138698,4
CENTRAL,Tenderloin,4,80,0.05303116299650075,4
CENTRAL,Tenderloin,5,52,-0.06928340604060107,0
CENTRAL,Tenderloin,6,74,0.026820898202836077,0
CENTRAL,Tenderloin,7,102,0.1491354672399379,4
CENTRAL,Tenderloin,8,155,0.38065947291730917,4
CENTRAL,Tenderloin,9,167,0.4330800025046385,4
CENTRAL,Tenderloin,10,158,0.39376460531414154,4
CENTRAL,Tenderloin,11,196,0.559762949007351,4
CENTRAL,Tenderloin,12,205,0.599078346197848,4
CENTRAL,Tenderloin,13,181,0.4942372870231894,4
CENTRAL,Tenderloin,14,166,0.42871162503902777,4
CENTRAL,Tenderloin,15,179,0.48550053209196786,4
CENTRAL,Tenderloin,16,183,0.502974041954411,4
CENTRAL,Tenderloin,17,184,0.5073424194200218,4
CENTRAL,Tenderloin,18,207,0.6078151011290697,4
CENTRAL,Tenderloin,19,209,0.6165518560602912,4
CENTRAL,Tenderloin,20,190,0.5335526842136865,4
CENTRAL,Tenderloin,21,168,0.4374483799702493,4
CENTRAL,Tenderloin,22,200,0.5772364588697941,4
CENTRAL,Tenderloin,23,214,0.6383937433883451,4
INGLESIDE,Bayview Hunters Point,22,1,-0.2920706567867508,0
INGLESIDE,Bernal Heights,0,17,-0.22217661733697833,0
INGLESIDE,Bernal Heights,1,8,-0.26149201452747534,0
INGLESIDE,Bernal Heights,2,2,-0.28770227932114,0
INGLESIDE,Bernal Heights,3,3,-0.28333390185552926,0
INGLESIDE,Bernal Heights,4,2,-0.28770227932114,0
INGLESIDE,Bernal Heights,5,4,-0.27896552438991845,0
INGLESIDE,Bernal Heights,6,5,-0.2745971469243077,0
INGLESIDE,Bernal Heights,7,10,-0.2527552595962538,0
INGLESIDE,Bernal Heights,8,24,-0.19159797507770288,0
INGLESIDE,Bernal Heights,9,21,-0.2047031074745352,0
INGLESIDE,Bernal Heights,10,18,-0.21780823987136755,0
INGLESIDE,Bernal Heights,11,20,-0.209071484940146,0
INGLESIDE,Bernal Heights,12,18,-0.21780823987136755,0
INGLESIDE,Bernal Heights,13,10,-0.2527552595962538,0
INGLESIDE,Bernal Heights,14,16,-0.2265449948025891,0
INGLESIDE,Bernal Heights,15,30,-0.1653877102840382,0
INGLESIDE,Bernal Heights,16,19,-0.21343986240575677,0
INGLESIDE,Bernal Heights,17,20,-0.209071484940146,0
INGLESIDE,Bernal Heights,18,20,-0.209071484940146,0
INGLESIDE,Bernal Heights,19,35,-0.1435458229559843,0
INGLESIDE,Bernal Heights,20,21,-0.2047031074745352,0
INGLESIDE,Bernal Heights,21,18,-0.21780823987136755,0
INGLESIDE,Bernal Heights,22,17,-0.22217661733697833,0
INGLESIDE,Bernal Heights,23,21,-0.2047031074745352,0
INGLESIDE,Excelsior,0,7,-0.26586039199308614,0
INGLESIDE,Excelsior,1,7,-0.26586039199308614,0
INGLESIDE,Excelsior,2,10,-0.2527552595962538,0
INGLESIDE,Excelsior,3,9,-0.2571236370618646,0
INGLESIDE,Excelsior,4,8,-0.26149201452747534,0
INGLESIDE,Excelsior,5,4,-0.27896552438991845,0
INGLESIDE,Excelsior,6,10,-0.2527552595962538,0
INGLESIDE,Excelsior,7,23,-0.19596635254331365,0
INGLESIDE,Excelsior,8,28,-0.17412446521525976,0
INGLESIDE,Excelsior,9,41,-0.11733555816231964,0
INGLESIDE,Excelsior,10,19,-0.21343986240575677,0
INGLESIDE,Excelsior,11,17,-0.22217661733697833,0
INGLESIDE,Excelsior,12,28,-0.17412446521525976,0
INGLESIDE,Excelsior,13,27,-0.17849284268087054,0
INGLESIDE,Excelsior,14,23,-0.19596635254331365,0
INGLESIDE,Excelsior,15,29,-0.16975608774964898,0
INGLESIDE,Excelsior,16,35,-0.1435458229559843,0
INGLESIDE,Excelsior,17,41,-0.11733555816231964,0
INGLESIDE,Excelsior,18,24,-0.19159797507770288,0
INGLESIDE,Excelsior,19,38,-0.13044069055915197,0
INGLESIDE,Excelsior,20,33,-0.15228257788720587,0
INGLESIDE,Excelsior,21,33,-0.15228257788720587,0
INGLESIDE,Excelsior,22,25,-0.1872295976120921,0
INGLESIDE,Excelsior,23,8,-0.26149201452747534,0
INGLESIDE,Glen Park,0,2,-0.28770227932114,0
INGLESIDE,Glen Park,2,1,-0.2920706567867508,0
INGLESIDE,Glen Park,6,1,-0.2920706567867508,0
INGLESIDE,Glen Park,7,1,-0.2920706567867508,0
INGLESIDE,Glen Park,9,1,-0.2920706567867508,0
INGLESIDE,Glen Park,10,1,-0.2920706567867508,0
INGLESIDE,Glen Park,11,3,-0.28333390185552926,0
INGLESIDE,Glen Park,12,1,-0.2920706567867508,0
INGLESIDE,Glen Park,13,1,-0.2920706567867508,0
INGLESIDE,Glen Park,15,2,-0.28770227932114,0
INGLESIDE,Glen Park,16,1,-0.2920706567867508,0
INGLESIDE,Glen Park,17,3,-0.28333390185552926,0
INGLESIDE,Glen Park,18,2,-0.28770227932114,0
INGLESIDE,Glen Park,20,1,-0.2920706567867508,0
INGLESIDE,Glen Park,21,1,-0.2920706567867508,0
INGLESIDE,McLaren Park,0,3,-0.28333390185552926,0
INGLESIDE,McLaren Park,1,5,-0.2745971469243077,0
INGLESIDE,McLaren Park,2,8,-0.26149201452747534,0
INGLESIDE,McLaren Park,3,6,-0.2702287694586969,0
INGLESIDE,McLaren Park,4,2,-0.28770227932114,0
INGLESIDE,McLaren Park,6,7,-0.26586039199308614,0
INGLESIDE,McLaren Park,7,2,-0.28770227932114,0
INGLESIDE,McLaren Park,8,10,-0.2527552595962538,0
INGLESIDE,McLaren Park,9,23,-0.19596635254331365,0
INGLESIDE,McLaren Park,10,33,-0.15228257788720587,0
INGLESIDE,McLaren Park,11,19,-0.21343986240575677,0
INGLESIDE,McLaren Park,12,8,-0.26149201452747534,0
INGLESIDE,McLaren Park,13,23,-0.19596635254331365,0
INGLESIDE,McLaren Park,14,31,-0.16101933281842742,0
INGLESIDE,McLaren Park,15,15,-0.23091337226819988,0
INGLESIDE,McLaren Park,16,33,-0.15228257788720587,0
INGLESIDE,McLaren Park,17,21,-0.2047031074745352,0
INGLESIDE,McLaren Park,18,33,-0.15228257788720587,0
INGLESIDE,McLaren Park,19,20,-0.209071484940146,0
INGLESIDE,McLaren Park,20,5,-0.2745971469243077,0
INGLESIDE,McLaren Park,21,9,-0.2571236370618646,0
INGLESIDE,McLaren Park,22,11,-0.248386882130643,0
INGLESIDE,McLaren Park,23,6,-0.2702287694586969,0
INGLESIDE,Noe Valley,0,1,-0.2920706567867508,0
INGLESIDE,Noe Valley,2,3,-0.28333390185552926,0
INGLESIDE,Noe Valley,3,3,-0.28333390185552926,0
INGLESIDE,Noe Valley,4,7,-0.26586039199308614,0
INGLESIDE,Noe Valley,5,2,-0.28770227932114,0
INGLESIDE,Noe Valley,6,6,-0.2702287694586969,0
INGLESIDE,Noe Valley,7,19,-0.21343986240575677,0
INGLESIDE,Noe Valley,8,3,-0.28333390185552926,0
INGLESIDE,Noe Valley,9,10,-0.2527552595962538,0
INGLESIDE,Noe Valley,10,20,-0.209071484940146,0
INGLESIDE,Noe Valley,11,18,-0.21780823987136755,0
INGLESIDE,Noe Valley,12,17,-0.22217661733697833,0
INGLESIDE,Noe Valley,13,12,-0.24401850466503222,0
INGLESIDE,Noe Valley,14,18,-0.21780823987136755,0
INGLESIDE,Noe Valley,15,20,-0.209071484940146,0
INGLESIDE,Noe Valley,16,18,-0.21780823987136755,0
INGLESIDE,Noe Valley,17,14,-0.23528174973381066,0
INGLESIDE,Noe Valley,18,12,-0.24401850466503222,0
INGLESIDE,Noe Valley,19,8,-0.26149201452747534,0
INGLESIDE,Noe Valley,20,23,-0.19596635254331365,0
INGLESIDE,Noe Valley,21,20,-0.209071484940146,0
INGLESIDE,Noe Valley,22,13,-0.23965012719942144,0
INGLESIDE,Noe Valley,23,9,-0.2571236370618646,0
INGLESIDE,Oceanview/Merced/Ingleside,0,1,-0.2920706567867508,0
INGLESIDE,Oceanview/Merced/Ingleside,2,2,-0.28770227932114,0
INGLESIDE,Oceanview/Merced/Ingleside,6,1,-0.2920706567867508,0
INGLESIDE,Oceanview/Merced/Ingleside,7,2,-0.28770227932114,0
INGLESIDE,Oceanview/Merced/Ingleside,9,4,-0.27896552438991845,0
INGLESIDE,Oceanview/Merced/Ingleside,10,2,-0.28770227932114,0
INGLESIDE,Oceanview/Merced/Ingleside,14,1,-0.2920706567867508,0
INGLESIDE,Oceanview/Merced/Ingleside,15,1,-0.2920706567867508,0
INGLESIDE,Oceanview/Merced/Ingleside,16,6,-0.2702287694586969,0
INGLESIDE,Oceanview/Merced/Ingleside,21,1,-0.2920706567867508,0
INGLESIDE,Oceanview/Merced/Ingleside,22,1,-0.2920706567867508,0
INGLESIDE,Outer Mission,0,8,-0.26149201452747534,0
INGLESIDE,Outer Mission,1,5,-0.2745971469243077,0
INGLESIDE,Outer Mission,2,12,-0.24401850466503222,0
INGLESIDE,Outer Mission,3,6,-0.2702287694586969,0
INGLESIDE,Outer Mission,4,4,-0.27896552438991845,0
INGLESIDE,Outer Mission,5,2,-0.28770227932114,0
INGLESIDE,Outer Mission,6,5,-0.2745971469243077,0
INGLESIDE,Outer Mission,7,5,-0.2745971469243077,0
INGLESIDE,Outer Mission,8,11,-0.248386882130643,0
INGLESIDE,Outer Mission,9,18,-0.21780823987136755,0
INGLESIDE,Outer Mission,10,14,-0.23528174973381066,0
INGLESIDE,Outer Mission,11,17,-0.22217661733697833,0
INGLESIDE,Outer Mission,12,17,-0.22217661733697833,0
INGLESIDE,Outer Mission,13,22,-0.20033473000892443,0
INGLESIDE,Outer Mission,14,21,-0.2047031074745352,0
INGLESIDE,Outer Mission,15,13,-0.23965012719942144,0
INGLESIDE,Outer Mission,16,11,-0.248386882130643,0
INGLESIDE,Outer Mission,17,10,-0.2527552595962538,0
INGLESIDE,Outer Mission,18,8,-0.26149201452747534,0
INGLESIDE,Outer Mission,19,15,-0.23091337226819988,0
INGLESIDE,Outer Mission,20,11,-0.248386882130643,0
INGLESIDE,Outer Mission,21,7,-0.26586039199308614,0
INGLESIDE,Outer Mission,22,9,-0.2571236370618646,0
INGLESIDE,Outer Mission,23,8,-0.26149201452747534,0
INGLESIDE,Portola,0,4,-0.27896552438991845,0
INGLESIDE,Portola,1,9,-0.2571236370618646,0
INGLESIDE,Portola,2,1,-0.2920706567867508,0
INGLESIDE,Portola,3,2,-0.28770227932114,0
INGLESIDE,Portola,4,2,-0.28770227932114,0
INGLESIDE,Portola,5,2,-0.28770227932114,0
INGLESIDE,Portola,6,2,-0.28770227932114,0
INGLESIDE,Portola,8,6,-0.2702287694586969,0
INGLESIDE,Portola,10,7,-0.26586039199308614,0
INGLESIDE,Portola,11,4,-0.27896552438991845,0
INGLESIDE,Portola,12,5,-0.2745971469243077,0
INGLESIDE,Portola,13,4,-0.27896552438991845,0
INGLESIDE,Portola,14,1,-0.2920706567867508,0
INGLESIDE,Portola,15,2,-0.28770227932114,0
INGLESIDE,Portola,16,2,-0.28770227932114,0
INGLESIDE,Portola,17,6,-0.2702287694586969,0
INGLESIDE,Portola,18,3,-0.28333390185552926,0
INGLESIDE,Portola,19,5,-0.2745971469243077,0
INGLESIDE,Portola,20,2,-0.28770227932114,0
INGLESIDE,Portola,21,4,-0.27896552438991845,0
INGLESIDE,Portola,22,3,-0.28333390185552926,0
INGLESIDE,Portola,23,4,-0.27896552438991845,0
INGLESIDE,Twin Peaks,20,1,-0.2920706567867508,0
INGLESIDE,Visitacion Valley,0,2,-0.28770227932114,0
INGLESIDE,Visitacion Valley,1,1,-0.2920706567867508,0
INGLESIDE,Visitacion Valley,2,2,-0.28770227932114,0
INGLESIDE,Visitacion Valley,5,3,-0.28333390185552926,0
INGLESIDE,Visitacion Valley,7,2,-0.28770227932114,0
INGLESIDE,Visitacion Valley,8,2,-0.28770227932114,0
INGLESIDE,Visitacion Valley,9,2,-0.28770227932114,0
INGLESIDE,Visitacion Valley,10,1,-0.2920706567867508,0
INGLESIDE,Visitacion Valley,11,4,-0.27896552438991845,0
INGLESIDE,Visitacion Valley,12,3,-0.28333390185552926,0
INGLESIDE,Visitacion Valley,13,1,-0.2920706567867508,0
INGLESIDE,Visitacion Valley,14,3,-0.28333390185552926,0
INGLESIDE,Visitacion Valley,15,3,-0.28333390185552926,0
INGLESIDE,Visitacion Valley,16,4,-0.27896552438991845,0
INGLESIDE,Visitacion Valley,17,1,-0.2920706567867508,0
INGLESIDE,Visitacion Valley,18,4,-0.27896552438991845,0
INGLESIDE,Visitacion Valley,19,2,-0.28770227932114,0
INGLESIDE,Visitacion Valley,21,5,-0.2745971469243077,0
INGLESIDE,Visitacion Valley,22,1,-0.2920706567867508,0
INGLESIDE,Visitacion Valley,23,1,-0.2920706567867508,0
INGLESIDE,West of Twin Peaks,0,2,-0.28770227932114,0
INGLESIDE,West of Twin Peaks,1,1,-0.2920706567867508,0
INGLESIDE,West of Twin Peaks,2,3,-0.28333390185552926,0
INGLESIDE,West of Twin Peaks,3,1,-0.2920706567867508,0
INGLESIDE,West of Twin Peaks,4,1,-0.2920706567867508,0
INGLESIDE,West of Twin Peaks,5,1,-0.2920706567867508,0
INGLESIDE,West of Twin Peaks,7,1,-0.2920706567867508,0
INGLESIDE,West of Twin Peaks,8,1,-0.2920706567867508,0
INGLESIDE,West of Twin Peaks,10,1,-0.2920706567867508,0
INGLESIDE,West of Twin Peaks,11,2,-0.28770227932114,0
INGLESIDE,West of Twin Peaks,12,2,-0.28770227932114,0
INGLESIDE,West of Twin Peaks,13,5,-0.2745971469243077,0
INGLESIDE,West of Twin Peaks,14,1,-0.2920706567867508,0
INGLESIDE,West of Twin Peaks,15,1,-0.2920706567867508,0
INGLESIDE,West of Twin Peaks,16,2,-0.28770227932114,0
INGLESIDE,West of Twin Peaks,19,2,-0.28770227932114,0
INGLESIDE,West of Twin Peaks,20,3,-0.28333390185552926,0
INGLESIDE,West of Twin Peaks,21,1,-0.2920706567867508,0
INGLESIDE,West of Twin Peaks,23,1,-0.2920706567867508,0
MISSION,Bernal Heights,20,1,-0.2920706567867508,0
MISSION,Castro/Upper Market,0,2,-0.28770227932114,0
MISSION,Castro/Upper Market,1,2,-0.28770227932114,0
MISSION,Castro/Upper Market,2,2,-0.28770227932114,0
MISSION,Castro/Upper Market,3,1,-0.2920706567867508,0
MISSION,Castro/Upper Market,4,1,-0.2920706567867508,0
MISSION,Castro/Upper Market,5,1,-0.2920706567867508,0
MISSION,Castro/Upper Market,6,1,-0.2920706567867508,0
MISSION,Castro/Upper Market,7,5,-0.2745971469243077,0
MISSION,Castro/Upper Market,8,3,-0.28333390185552926,0
MISSION,Castro/Upper Market,9,1,-0.2920706567867508,0
MISSION,Castro/Upper Market,10,10,-0.2527552595962538,0
MISSION,Castro/Upper Market,11,7,-0.26586039199308614,0
MISSION,Castro/Upper Market,12,7,-0.26586039199308614,0
MISSION,Castro/Upper Market,13,3,-0.28333390185552926,0
MISSION,Castro/Upper Market,14,3,-0.28333390185552926,0
MISSION,Castro/Upper Market,15,1,-0.2920706567867508,0
MISSION,Castro/Upper Market,16,7,-0.26586039199308614,0
MISSION,Castro/Upper Market,17,5,-0.2745971469243077,0
MISSION,Castro/Upper Market,18,1,-0.2920706567867508,0
MISSION,Castro/Upper Market,19,8,-0.26149201452747534,0
MISSION,Castro/Upper Market,20,5,-0.2745971469243077,0
MISSION,Castro/Upper Market,21,5,-0.2745971469243077,0
MISSION,Castro/Upper Market,22,3,-0.28333390185552926,0
MISSION,Castro/Upper Market,23,1,-0.2920706567867508,0
MISSION,Mission,0,255,0.817497219478387,4
MISSION,Mission,1,229,0.7039194053725067,4
MISSION,Mission,2,161,0.40686973771097384,4
MISSION,Mission,3,124,0.24523977148337503,4
MISSION,Mission,4,105,0.16224059963677023,4
MISSION,Mission,5,117,0.21466112922409958,4
MISSION,Mission,6,154,0.3762910954516984,4
MISSION,Mission,7,292,0.9791271857059859,2
MISSION,Mission,8,363,1.2892819857643512,2
MISSION,Mission,9,384,1.3810179125421775,2
MISSION,Mission,10,399,1.4465435745263393,2
MISSION,Mission,11,400,1.45091195199195,2
MISSION,Mission,12,486,1.826592414034477,2
MISSION,Mission,13,508,1.9226967182779142,2
MISSION,Mission,14,426,1.5644897660978303,2
MISSION,Mission,15,450,1.669330825272489,2
MISSION,Mission,16,527,2.0056958901245188,2
MISSION,Mission,17,483,1.8134872816376446,2
MISSION,Mission,18,391,1.411596554801453,2
MISSION,Mission,19,419,1.5339111238385548,2
MISSION,Mission,20,359,1.2718084759019082,2
MISSION,Mission,21,347,1.2193879463145787,2
MISSION,Mission,22,327,1.1320203970023632,2
MISSION,Mission,23,311,1.0621263575525908,2
MISSION,Noe Valley,6,1,-0.2920706567867508,0
MISSION,Noe Valley,7,2,-0.28770227932114,0
MISSION,Noe Valley,8,2,-0.28770227932114,0
MISSION,Noe Valley,9,5,-0.2745971469243077,0
MISSION,Noe Valley,10,4,-0.27896552438991845,0
MISSION,Noe Valley,11,3,-0.28333390185552926,0
MISSION,Noe Valley,12,1,-0.2920706567867508,0
MISSION,Noe Valley,13,1,-0.2920706567867508,0
MISSION,Noe Valley,14,2,-0.28770227932114,0
MISSION,Noe Valley,15,3,-0.28333390185552926,0
MISSION,Noe Valley,16,2,-0.28770227932114,0
MISSION,Noe Valley,17,2,-0.28770227932114,0
MISSION,Noe Valley,18,1,-0.2920706567867508,0
MISSION,Noe Valley,19,5,-0.2745971469243077,0
MISSION,Noe Valley,20,3,-0.28333390185552926,0
MISSION,Noe Valley,21,2,-0.28770227932114,0
MISSION,Noe Valley,22,1,-0.2920706567867508,0
MISSION,Twin Peaks,9,1,-0.2920706567867508,0
NORTHERN,Haight Ashbury,7,2,-0.28770227932114,0
NORTHERN,Haight Ashbury,8,1,-0.2920706567867508,0
NORTHERN,Haight Ashbury,11,1,-0.2920706567867508,0
NORTHERN,Haight Ashbury,13,1,-0.2920706567867508,0
NORTHERN,Haight Ashbury,14,1,-0.2920706567867508,0
NORTHERN,Haight Ashbury,17,1,-0.2920706567867508,0
NORTHERN,Hayes Valley,0,12,-0.24401850466503222,0
NORTHERN,Hayes Valley,1,17,-0.22217661733697833,0
NORTHERN,Hayes Valley,2,25,-0.1872295976120921,0
NORTHERN,Hayes Valley,3,20,-0.209071484940146,0
NORTHERN,Hayes Valley,4,11,-0.248386882130643,0
NORTHERN,Hayes Valley,5,33,-0.15228257788720587,0
NORTHERN,Hayes Valley,6,20,-0.209071484940146,0
NORTHERN,Hayes Valley,7,41,-0.11733555816231964,0
NORTHERN,Hayes Valley,8,64,-0.016862876453271714,0
NORTHERN,Hayes Valley,9,60,-0.03433638631571483,0
NORTHERN,Hayes Valley,10,59,-0.03870476378132561,0
NORTHERN,Hayes Valley,11,62,-0.02559963138449327,0
NORTHERN,Hayes Valley,12,56,-0.05180989617815795,0
NORTHERN,Hayes Valley,13,44,-0.1042304257654873,0
NORTHERN,Hayes Valley,14,70,0.00934738834039296,0
NORTHERN,Hayes Valley,15,69,0.0049790108747821814,0
NORTHERN,Hayes Valley,16,72,0.01808414327161452,0
NORTHERN,Hayes Valley,17,52,-0.06928340604060107,0
NORTHERN,Hayes Valley,18,44,-0.1042304257654873,0
NORTHERN,Hayes Valley,19,50,-0.07802016097182263,0
NORTHERN,Hayes Valley,20,26,-0.18286122014648132,0
NORTHERN,Hayes Valley,21,17,-0.22217661733697833,0
NORTHERN,Hayes Valley,22,25,-0.1872295976120921,0
NORTHERN,Hayes Valley,23,21,-0.2047031074745352,0
NORTHERN,Japantown,1,1,-0.2920706567867508,0
NORTHERN,Japantown,2,1,-0.2920706567867508,0
NORTHERN,Japantown,8,1,-0.2920706567867508,0
NORTHERN,Japantown,11,1,-0.2920706567867508,0
NORTHERN,Japantown,12,2,-0.28770227932114,0
NORTHERN,Japantown,13,3,-0.28333390185552926,0
NORTHERN,Japantown,14,3,-0.28333390185552926,0
NORTHERN,Japantown,16,2,-0.28770227932114,0
NORTHERN,Japantown,17,2,-0.28770227932114,0
NORTHERN,Japantown,18,3,-0.28333390185552926,0
NORTHERN,Japantown,19,4,-0.27896552438991845,0
NORTHERN,Japantown,20,3,-0.28333390185552926,0
NORTHERN,Japantown,21,1,-0.2920706567867508,0
NORTHERN,Japantown,23,1,-0.2920706567867508,0
NORTHERN,Marina,0,9,-0.2571236370618646,0
NORTHERN,Marina,1,19,-0.21343986240575677,0
NORTHERN,Marina,2,17,-0.22217661733697833,0
NORTHERN,Marina,3,10,-0.2527552595962538,0
NORTHERN,Marina,4,15,-0.23091337226819988,0
NORTHERN,Marina,5,8,-0.26149201452747534,0
NORTHERN,Marina,6,14,-0.23528174973381066,0
NORTHERN,Marina,7,23,-0.19596635254331365,0
NORTHERN,Marina,8,18,-0.21780823987136755,0
NORTHERN,Marina,9,34,-0.1479142004215951,0
NORTHERN,Marina,10,31,-0.16101933281842742,0
NORTHERN,Marina,11,29,-0.16975608774964898,0
NORTHERN,Marina,12,27,-0.17849284268087054,0
NORTHERN,Marina,13,26,-0.18286122014648132,0
NORTHERN,Marina,14,17,-0.22217661733697833,0
NORTHERN,Marina,15,43,-0.10859880323109808,0
NORTHERN,Marina,16,26,-0.18286122014648132,0
NORTHERN,Marina,17,19,-0.21343986240575677,0
NORTHERN,Marina,18,38,-0.13044069055915197,0
NORTHERN,Marina,19,37,-0.13480906802476275,0
NORTHERN,Marina,20,26,-0.18286122014648132,0
NORTHERN,Marina,21,36,-0.13917744549037353,0
NORTHERN,Marina,22,16,-0.2265449948025891,0
NORTHERN,Marina,23,26,-0.18286122014648132,0
NORTHERN,Nob Hill,0,25,-0.1872295976120921,0
NORTHERN,Nob Hill,1,20,-0.209071484940146,0
NORTHERN,Nob Hill,2,30,-0.1653877102840382,0
NORTHERN,Nob Hill,3,16,-0.2265449948025891,0
NORTHERN,Nob Hill,4,18,-0.21780823987136755,0
NORTHERN,Nob Hill,5,18,-0.21780823987136755,0
NORTHERN,Nob Hill,6,30,-0.1653877102840382,0
NORTHERN,Nob Hill,7,36,-0.13917744549037353,0
NORTHERN,Nob Hill,8,59,-0.03870476378132561,0
NORTHERN,Nob Hill,9,50,-0.07802016097182263,0
NORTHERN,Nob Hill,10,41,-0.11733555816231964,0
NORTHERN,Nob Hill,11,39,-0.1260723130935412,0
NORTHERN,Nob Hill,12,50,-0.07802016097182263,0
NORTHERN,Nob Hill,13,72,0.01808414327161452,0
NORTHERN,Nob Hill,14,47,-0.09112529336865496,0
NORTHERN,Nob Hill,15,36,-0.13917744549037353,0
NORTHERN,Nob Hill,16,41,-0.11733555816231964,0
NORTHERN,Nob Hill,17,38,-0.13044069055915197,0
NORTHERN,Nob Hill,18,66,-0.008126121522050155,0
NORTHERN,Nob Hill,19,62,-0.02559963138449327,0
NORTHERN,Nob Hill,20,43,-0.10859880323109808,0
NORTHERN,Nob Hill,21,27,-0.17849284268087054,0
NORTHERN,Nob Hill,22,42,-0.11296718069670886,0
NORTHERN,Nob Hill,23,24,-0.19159797507770288,0
NORTHERN,Pacific Heights,0,8,-0.26149201452747534,0
NORTHERN,Pacific Heights,1,8,-0.26149201452747534,0
NORTHERN,Pacific Heights,2,5,-0.2745971469243077,0
NORTHERN,Pacific Heights,3,3,-0.28333390185552926,0
NORTHERN,Pacific Heights,4,7,-0.26586039199308614,0
NORTHERN,Pacific Heights,5,7,-0.26586039199308614,0
NORTHERN,Pacific Heights,6,7,-0.26586039199308614,0
NORTHERN,Pacific Heights,7,12,-0.24401850466503222,0
NORTHERN,Pacific Heights,8,11,-0.248386882130643,0
NORTHERN,Pacific Heights,9,13,-0.23965012719942144,0
NORTHERN,Pacific Heights,10,18,-0.21780823987136755,0
NORTHERN,Pacific Heights,11,10,-0.2527552595962538,0
NORTHERN,Pacific Heights,12,16,-0.2265449948025891,0
NORTHERN,Pacific Heights,13,11,-0.248386882130643,0
NORTHERN,Pacific Heights,14,10,-0.2527552595962538,0
NORTHERN,Pacific Heights,15,9,-0.2571236370618646,0
NORTHERN,Pacific Heights,16,8,-0.26149201452747534,0
NORTHERN,Pacific Heights,17,13,-0.23965012719942144,0
NORTHERN,Pacific Heights,18,13,-0.23965012719942144,0
NORTHERN,Pacific Heights,19,23,-0.19596635254331365,0
NORTHERN,Pacific Heights,20,9,-0.2571236370618646,0
NORTHERN,Pacific Heights,21,4,-0.27896552438991845,0
NORTHERN,Pacific Heights,22,7,-0.26586039199308614,0
NORTHERN,Pacific Heights,23,5,-0.2745971469243077,0
NORTHERN,Presidio,9,1,-0.2920706567867508,0
NORTHERN,Presidio,19,1,-0.2920706567867508,0
NORTHERN,Russian Hill,0,25,-0.1872295976120921,0
NORTHERN,Russian Hill,1,20,-0.209071484940146,0
NORTHERN,Russian Hill,2,18,-0.21780823987136755,0
NORTHERN,Russian Hill,3,14,-0.23528174973381066,0
NORTHERN,Russian Hill,4,12,-0.24401850466503222,0
NORTHERN,Russian Hill,5,8,-0.26149201452747534,0
NORTHERN,Russian Hill,6,9,-0.2571236370618646,0
NORTHERN,Russian Hill,7,22,-0.20033473000892443,0
NORTHERN,Russian Hill,8,60,-0.03433638631571483,0
NORTHERN,Russian Hill,9,77,0.03992603059966841,0
NORTHERN,Russian Hill,10,58,-0.04307314124693639,0
NORTHERN,Russian Hill,11,52,-0.06928340604060107,0
NORTHERN,Russian Hill,12,41,-0.11733555816231964,0
NORTHERN,Russian Hill,13,54,-0.060546651109379505,0
NORTHERN,Russian Hill,14,49,-0.0823885384374334,0
NORTHERN,Russian Hill,15,59,-0.03870476378132561,0
NORTHERN,Russian Hill,16,47,-0.09112529336865496,0
NORTHERN,Russian Hill,17,54,-0.060546651109379505,0
NORTHERN,Russian Hill,18,69,0.0049790108747821814,0
NORTHERN,Russian Hill,19,68,0.0006106334091714026,0
NORTHERN,Russian Hill,20,39,-0.1260723130935412,0
NORTHERN,Russian Hill,21,39,-0.1260723130935412,0
NORTHERN,Russian Hill,22,48,-0.08675691590304418,0
NORTHERN,Russian Hill,23,35,-0.1435458229559843,0
NORTHERN,Tenderloin,0,200,0.5772364588697941,4
NORTHERN,Tenderloin,1,152,0.36755434052047686,4
NORTHERN,Tenderloin,2,143,0.3282389433299798,4
NORTHERN,Tenderloin,3,113,0.19718761936165646,4
NORTHERN,Tenderloin,4,103,0.15350384470554868,4
NORTHERN,Tenderloin,5,130,0.27145003627703973,4
NORTHERN,Tenderloin,6,162,0.41123811517658465,4
NORTHERN,Tenderloin,7,260,0.839339106806441,2
NORTHERN,Tenderloin,8,275,0.9048647687906026,2
NORTHERN,Tenderloin,9,339,1.1844409265896925,2
NORTHERN,Tenderloin,10,322,1.1101785096743093,2
NORTHERN,Tenderloin,11,405,1.472753839320004,2
NORTHERN,Tenderloin,12,382,1.372281157610956,2
NORTHERN,Tenderloin,13,390,1.4072281773358422,2
NORTHERN,Tenderloin,14,395,1.429070064663896,2
NORTHERN,Tenderloin,15,409,1.490227349182447,2
NORTHERN,Tenderloin,16,417,1.5251743689073332,2
NORTHERN,Tenderloin,17,392,1.4159649322670638,2
NORTHERN,Tenderloin,18,278,0.9179699011874349,2
NORTHERN,Tenderloin,19,285,0.9485485434467105,2
NORTHERN,Tenderloin,20,248,0.7869185772191116,4
NORTHERN,Tenderloin,21,277,0.9136015237218241,2
NORTHERN,Tenderloin,22,270,0.8830228814625487,2
NORTHERN,Tenderloin,23,237,0.738866425097393,4
NORTHERN,Western Addition,0,103,0.15350384470554868,4
NORTHERN,Western Addition,1,60,-0.03433638631571483,0
NORTHERN,Western Addition,2,78,0.04429440806527919,0
NORTHERN,Western Addition,3,57,-0.04744151871254717,0
NORTHERN,Western Addition,4,78,0.04429440806527919,0
NORTHERN,Western Addition,5,82,0.06176791792772231,4
NORTHERN,Western Addition,6,114,0.20155599682726724,4
NORTHERN,Western Addition,7,141,0.31950218839875827,4
NORTHERN,Western Addition,8,167,0.4330800025046385,4
NORTHERN,Western Addition,9,199,0.5728680814041834,4
NORTHERN,Western Addition,10,195,0.5553945715417403,4
NORTHERN,Western Addition,11,194,0.5510261940761296,4
NORTHERN,Western Addition,12,196,0.559762949007351,4
NORTHERN,Western Addition,13,212,0.6296569884571236,4
NORTHERN,Western Addition,14,169,0.4418167574358601,4
NORTHERN,Western Addition,15,201,0.5816048363354049,4
NORTHERN,Western Addition,16,207,0.6078151011290697,4
NORTHERN,Western Addition,17,190,0.5335526842136865,4
NORTHERN,Western Addition,18,228,0.699551027906896,4
NORTHERN,Western Addition,19,176,0.47239539969513555,4
NORTHERN,Western Addition,20,127,0.25834490388020737,4
NORTHERN,Western Addition,21,115,0.20592437429287802,4
NORTHERN,Western Addition,22,124,0.24523977148337503,4
NORTHERN,Western Addition,23,107,0.1709773545679918,4
PARK,Castro/Upper Market,0,1,-0.2920706567867508,0
PARK,Castro/Upper Market,3,1,-0.2920706567867508,0
PARK,Castro/Upper Market,5,2,-0.28770227932114,0
PARK,Castro/Upper Market,6,1,-0.2920706567867508,0
PARK,Castro/Upper Market,7,2,-0.28770227932114,0
PARK,Castro/Upper Market,8,1,-0.2920706567867508,0
PARK,Castro/Upper Market,9,2,-0.28770227932114,0
PARK,Castro/Upper Market,10,2,-0.28770227932114,0
PARK,Castro/Upper Market,11,2,-0.28770227932114,0
PARK,Castro/Upper Market,12,4,-0.27896552438991845,0
PARK,Castro/Upper Market,14,2,-0.28770227932114,0
PARK,Castro/Upper Market,15,2,-0.28770227932114,0
PARK,Castro/Upper Market,16,1,-0.2920706567867508,0
PARK,Castro/Upper Market,17,1,-0.2920706567867508,0
PARK,Castro/Upper Market,18,6,-0.2702287694586969,0
PARK,Castro/Upper Market,19,1,-0.2920706567867508,0
PARK,Castro/Upper Market,21,1,-0.2920706567867508,0
PARK,Castro/Upper Market,22,1,-0.2920706567867508,0
PARK,Castro/Upper Market,23,1,-0.2920706567867508,0
PARK,Golden Gate Park,0,3,-0.28333390185552926,0
PARK,Golden Gate Park,1,3,-0.28333390185552926,0
PARK,Golden Gate Park,2,3,-0.28333390185552926,0
PARK,Golden Gate Park,4,1,-0.2920706567867508,0
PARK,Golden Gate Park,5,9,-0.2571236370618646,0
PARK,Golden Gate Park,6,10,-0.2527552595962538,0
PARK,Golden Gate Park,7,21,-0.2047031074745352,0
PARK,Golden Gate Park,8,38,-0.13044069055915197,0
PARK,Golden Gate Park,9,36,-0.13917744549037353,0
PARK,Golden Gate Park,10,38,-0.13044069055915197,0
PARK,Golden Gate Park,11,38,-0.13044069055915197,0
PARK,Golden Gate Park,12,38,-0.13044069055915197,0
PARK,Golden Gate Park,13,28,-0.17412446521525976,0
PARK,Golden Gate Park,14,17,-0.22217661733697833,0
PARK,Golden Gate Park,15,16,-0.2265449948025891,0
PARK,Golden Gate Park,16,24,-0.19159797507770288,0
PARK,Golden Gate Park,17,9,-0.2571236370618646,0
PARK,Golden Gate Park,18,9,-0.2571236370618646,0
PARK,Golden Gate Park,19,5,-0.2745971469243077,0
PARK,Golden Gate Park,20,7,-0.26586039199308614,0
PARK,Golden Gate Park,21,4,-0.27896552438991845,0
PARK,Golden Gate Park,22,3,-0.28333390185552926,0
PARK,Golden Gate Park,23,5,-0.2745971469243077,0
PARK,Haight Ashbury,0,52,-0.06928340604060107,0
PARK,Haight Ashbury,1,49,-0.0823885384374334,0
PARK,Haight Ashbury,2,56,-0.05180989617815795,0
PARK,Haight Ashbury,3,38,-0.13044069055915197,0
PARK,Haight Ashbury,4,25,-0.1872295976120921,0
PARK,Haight Ashbury,5,31,-0.16101933281842742,0
PARK,Haight Ashbury,6,181,0.4942372870231894,4
PARK,Haight Ashbury,7,152,0.36755434052047686,4
PARK,Haight Ashbury,8,195,0.5553945715417403,4
PARK,Haight Ashbury,9,231,0.7126561603037284,4
PARK,Haight Ashbury,10,159,0.3981329827797523,4
PARK,Haight Ashbury,11,167,0.4330800025046385,4
PARK,Haight Ashbury,12,172,0.45492188983269244,4
PARK,Haight Ashbury,13,187,0.5204475518168541,4
PARK,Haight Ashbury,14,153,0.3719227179860876,4
PARK,Haight Ashbury,15,168,0.4374483799702493,4
PARK,Haight Ashbury,16,196,0.559762949007351,4
PARK,Haight Ashbury,17,173,0.4592902672983032,4
PARK,Haight Ashbury,18,130,0.27145003627703973,4
PARK,Haight Ashbury,19,113,0.19718761936165646,4
PARK,Haight Ashbury,20,80,0.05303116299650075,4
PARK,Haight Ashbury,21,81,0.05739954046211153,4
PARK,Haight Ashbury,22,85,0.07487305032455464,4
PARK,Haight Ashbury,23,55,-0.05617827364376873,0
PARK,Hayes Valley,4,1,-0.2920706567867508,0
PARK,Hayes Valley,9,1,-0.2920706567867508,0
PARK,Hayes Valley,11,2,-0.28770227932114,0
PARK,Hayes Valley,14,1,-0.2920706567867508,0
PARK,Hayes Valley,17,2,-0.28770227932114,0
PARK,Hayes Valley,18,1,-0.2920706567867508,0
PARK,Hayes Valley,20,1,-0.2920706567867508,0
PARK,Hayes Valley,22,1,-0.2920706567867508,0
PARK,Inner Sunset,0,39,-0.1260723130935412,0
PARK,Inner Sunset,1,37,-0.13480906802476275,0
PARK,Inner Sunset,2,34,-0.1479142004215951,0
PARK,Inner Sunset,3,38,-0.13044069055915197,0
PARK,Inner Sunset,4,30,-0.1653877102840382,0
PARK,Inner Sunset,5,22,-0.20033473000892443,0
PARK,Inner Sunset,6,53,-0.06491502857499029,0
PARK,Inner Sunset,7,97,0.127293579911884,4
PARK,Inner Sunset,8,159,0.3981329827797523,4
PARK,Inner Sunset,9,162,0.41123811517658465,4
PARK,Inner Sunset,10,142,0.3238705658643691,4
PARK,Inner Sunset,11,172,0.45492188983269244,4
PARK,Inner Sunset,12,167,0.4330800025046385,4
PARK,Inner Sunset,13,154,0.3762910954516984,4
PARK,Inner Sunset,14,147,0.34571245319242294,4
PARK,Inner Sunset,15,168,0.4374483799702493,4
PARK,Inner Sunset,16,188,0.5248159292824649,4
PARK,Inner Sunset,17,199,0.5728680814041834,4
PARK,Inner Sunset,18,172,0.45492188983269244,4
PARK,Inner Sunset,19,153,0.3719227179860876,4
PARK,Inner Sunset,20,152,0.36755434052047686,4
PARK,Inner Sunset,21,128,0.2627132813458182,4
PARK,Inner Sunset,22,77,0.03992603059966841,0
PARK,Inner Sunset,23,55,-0.05617827364376873,0
PARK,Lone Mountain/USF,0,27,-0.17849284268087054,0
PARK,Lone Mountain/USF,1,12,-0.24401850466503222,0
PARK,Lone Mountain/USF,2,15,-0.23091337226819988,0
PARK,Lone Mountain/USF,3,16,-0.2265449948025891,0
PARK,Lone Mountain/USF,4,31,-0.16101933281842742,0
PARK,Lone Mountain/USF,5,15,-0.23091337226819988,0
PARK,Lone Mountain/USF,6,30,-0.1653877102840382,0
PARK,Lone Mountain/USF,7,48,-0.08675691590304418,0
PARK,Lone Mountain/USF,8,99,0.13603033484310556,4
PARK,Lone Mountain/USF,9,67,-0.0037577440564393765,0
PARK,Lone Mountain/USF,10,72,0.01808414327161452,0
PARK,Lone Mountain/USF,11,69,0.0049790108747821814,0
PARK,Lone Mountain/USF,12,62,-0.02559963138449327,0
PARK,Lone Mountain/USF,13,61,-0.02996800885010405,0
PARK,Lone Mountain/USF,14,42,-0.11296718069670886,0
PARK,Lone Mountain/USF,15,63,-0.021231253918882493,0
PARK,Lone Mountain/USF,16,76,0.035557653134057635,0
PARK,Lone Mountain/USF,17,62,-0.02559963138449327,0
PARK,Lone Mountain/USF,18,54,-0.060546651109379505,0
PARK,Lone Mountain/USF,19,60,-0.03433638631571483,0
PARK,Lone Mountain/USF,20,52,-0.06928340604060107,0
PARK,Lone Mountain/USF,21,42,-0.11296718069670886,0
PARK,Lone Mountain/USF,22,63,-0.021231253918882493,0
PARK,Lone Mountain/USF,23,40,-0.12170393562793042,0
PARK,Twin Peaks,0,1,-0.2920706567867508,0
PARK,Twin Peaks,2,1,-0.2920706567867508,0
PARK,Twin Peaks,7,6,-0.2702287694586969,0
PARK,Twin Peaks,8,3,-0.28333390185552926,0
PARK,Twin Peaks,9,2,-0.28770227932114,0
PARK,Twin Peaks,10,1,-0.2920706567867508,0
PARK,Twin Peaks,11,2,-0.28770227932114,0
PARK,Twin Peaks,12,7,-0.26586039199308614,0
PARK,Twin Peaks,13,2,-0.28770227932114,0
PARK,Twin Peaks,14,1,-0.2920706567867508,0
PARK,Twin Peaks,15,3,-0.28333390185552926,0
PARK,Twin Peaks,16,5,-0.2745971469243077,0
PARK,Twin Peaks,17,3,-0.28333390185552926,0
PARK,Twin Peaks,18,3,-0.28333390185552926,0
PARK,Twin Peaks,19,1,-0.2920706567867508,0
PARK,Twin Peaks,23,1,-0.2920706567867508,0
PARK,West of Twin Peaks,14,1,-0.2920706567867508,0
PARK,West of Twin Peaks,17,1,-0.2920706567867508,0
PARK,Western Addition,0,4,-0.27896552438991845,0
PARK,Western Addition,1,5,-0.2745971469243077,0
PARK,Western Addition,5,3,-0.28333390185552926,0
PARK,Western Addition,6,2,-0.28770227932114,0
PARK,Western Addition,7,5,-0.2745971469243077,0
PARK,Western Addition,8,16,-0.2265449948025891,0
PARK,Western Addition,9,8,-0.26149201452747534,0
PARK,Western Addition,10,11,-0.248386882130643,0
PARK,Western Addition,11,23,-0.19596635254331365,0
PARK,Western Addition,12,16,-0.2265449948025891,0
PARK,Western Addition,13,17,-0.22217661733697833,0
PARK,Western Addition,14,16,-0.2265449948025891,0
PARK,Western Addition,15,13,-0.23965012719942144,0
PARK,Western Addition,16,9,-0.2571236370618646,0
PARK,Western Addition,17,8,-0.26149201452747534,0
PARK,Western Addition,18,17,-0.22217661733697833,0
PARK,Western Addition,19,5,-0.2745971469243077,0
PARK,Western Addition,20,15,-0.23091337226819988,0
PARK,Western Addition,21,10,-0.2527552595962538,0
PARK,Western Addition,22,8,-0.26149201452747534,0
PARK,Western Addition,23,9,-0.2571236370618646,0
RICHMOND,Golden Gate Park,0,6,-0.2702287694586969,0
RICHMOND,Golden Gate Park,1,4,-0.27896552438991845,0
RICHMOND,Golden Gate Park,2,2,-0.28770227932114,0
RICHMOND,Golden Gate Park,3,3,-0.28333390185552926,0
RICHMOND,Golden Gate Park,5,6,-0.2702287694586969,0
RICHMOND,Golden Gate Park,6,10,-0.2527552595962538,0
RICHMOND,Golden Gate Park,7,35,-0.1435458229559843,0
RICHMOND,Golden Gate Park,8,35,-0.1435458229559843,0
RICHMOND,Golden Gate Park,9,42,-0.11296718069670886,0
RICHMOND,Golden Gate Park,10,31,-0.16101933281842742,0
RICHMOND,Golden Gate Park,11,42,-0.11296718069670886,0
RICHMOND,Golden Gate Park,12,71,0.01371576580600374,0
RICHMOND,Golden Gate Park,13,45,-0.09986204829987652,0
RICHMOND,Golden Gate Park,14,35,-0.1435458229559843,0
RICHMOND,Golden Gate Park,15,59,-0.03870476378132561,0
RICHMOND,Golden Gate Park,16,68,0.0006106334091714026,0
RICHMOND,Golden Gate Park,17,75,0.031189275668446856,0
RICHMOND,Golden Gate Park,18,68,0.0006106334091714026,0
RICHMOND,Golden Gate Park,19,56,-0.05180989617815795,0
RICHMOND,Golden Gate Park,20,46,-0.09549367083426574,0
RICHMOND,Golden Gate Park,21,26,-0.18286122014648132,0
RICHMOND,Golden Gate Park,22,13,-0.23965012719942144,0
RICHMOND,Golden Gate Park,23,10,-0.2527552595962538,0
RICHMOND,Inner Richmond,0,7,-0.26586039199308614,0
RICHMOND,Inner Richmond,1,10,-0.2527552595962538,0
RICHMOND,Inner Richmond,2,4,-0.27896552438991845,0
RICHMOND,Inner Richmond,3,6,-0.2702287694586969,0
RICHMOND,Inner Richmond,4,12,-0.24401850466503222,0
RICHMOND,Inner Richmond,5,2,-0.28770227932114,0
RICHMOND,Inner Richmond,6,23,-0.19596635254331365,0
RICHMOND,Inner Richmond,7,29,-0.16975608774964898,0
RICHMOND,Inner Richmond,8,40,-0.12170393562793042,0
RICHMOND,Inner Richmond,9,46,-0.09549367083426574,0
RICHMOND,Inner Richmond,10,44,-0.1042304257654873,0
RICHMOND,Inner Richmond,11,46,-0.09549367083426574,0
RICHMOND,Inner Richmond,12,33,-0.15228257788720587,0
RICHMOND,Inner Richmond,13,41,-0.11733555816231964,0
RICHMOND,Inner Richmond,14,43,-0.10859880323109808,0
RICHMOND,Inner Richmond,15,38,-0.13044069055915197,0
RICHMOND,Inner Richmond,16,40,-0.12170393562793042,0
RICHMOND,Inner Richmond,17,37,-0.13480906802476275,0
RICHMOND,Inner Richmond,18,25,-0.1872295976120921,0
RICHMOND,Inner Richmond,19,24,-0.19159797507770288,0
RICHMOND,Inner Richmond,20,32,-0.15665095535281665,0
RICHMOND,Inner Richmond,21,27,-0.17849284268087054,0
RICHMOND,Inner Richmond,22,29,-0.16975608774964898,0
RICHMOND,Inner Richmond,23,16,-0.2265449948025891,0
RICHMOND,Japantown,0,2,-0.28770227932114,0
RICHMOND,Japantown,4,2,-0.28770227932114,0
RICHMOND,Japantown,7,3,-0.28333390185552926,0
RICHMOND,Japantown,8,10,-0.2527552595962538,0
RICHMOND,Japantown,9,3,-0.28333390185552926,0
RICHMOND,Japantown,10,6,-0.2702287694586969,0
RICHMOND,Japantown,11,5,-0.2745971469243077,0
RICHMOND,Japantown,12,2,-0.28770227932114,0
RICHMOND,Japantown,13,3,-0.28333390185552926,0
RICHMOND,Japantown,14,6,-0.2702287694586969,0
RICHMOND,Japantown,15,2,-0.28770227932114,0
RICHMOND,Japantown,16,9,-0.2571236370618646,0
RICHMOND,Japantown,17,7,-0.26586039199308614,0
RICHMOND,Japantown,18,3,-0.28333390185552926,0
RICHMOND,Japantown,19,1,-0.2920706567867508,0
RICHMOND,Japantown,20,6,-0.2702287694586969,0
RICHMOND,Japantown,21,1,-0.2920706567867508,0
RICHMOND,Japantown,22,3,-0.28333390185552926,0
RICHMOND,Japantown,23,2,-0.28770227932114,0
RICHMOND,Lincoln Park,2,1,-0.2920706567867508,0
RICHMOND,Lincoln Park,6,1,-0.2920706567867508,0
RICHMOND,Lincoln Park,8,1,-0.2920706567867508,0
RICHMOND,Lincoln Park,9,1,-0.2920706567867508,0
RICHMOND,Lincoln Park,10,1,-0.2920706567867508,0
RICHMOND,Lincoln Park,14,1,-0.2920706567867508,0
RICHMOND,Lincoln Park,16,2,-0.28770227932114,0
RICHMOND,Lone Mountain/USF,0,38,-0.13044069055915197,0
RICHMOND,Lone Mountain/USF,1,36,-0.13917744549037353,0
RICHMOND,Lone Mountain/USF,2,30,-0.1653877102840382,0
RICHMOND,Lone Mountain/USF,3,30,-0.1653877102840382,0
RICHMOND,Lone Mountain/USF,4,28,-0.17412446521525976,0
RICHMOND,Lone Mountain/USF,5,13,-0.23965012719942144,0
RICHMOND,Lone Mountain/USF,6,42,-0.11296718069670886,0
RICHMOND,Lone Mountain/USF,7,58,-0.04307314124693639,0
RICHMOND,Lone Mountain/USF,8,126,0.2539765264145966,4
RICHMOND,Lone Mountain/USF,9,146,0.3413440757268122,4
RICHMOND,Lone Mountain/USF,10,97,0.127293579911884,4
RICHMOND,Lone Mountain/USF,11,90,0.09671493765260854,4
RICHMOND,Lone Mountain/USF,12,83,0.06613629539333309,4
RICHMOND,Lone Mountain/USF,13,75,0.031189275668446856,0
RICHMOND,Lone Mountain/USF,14,80,0.05303116299650075,4
RICHMOND,Lone Mountain/USF,15,101,0.14476708977432712,4
RICHMOND,Lone Mountain/USF,16,69,0.0049790108747821814,0
RICHMOND,Lone Mountain/USF,17,92,0.1054516925838301,4
RICHMOND,Lone Mountain/USF,18,79,0.04866278553088997,0
RICHMOND,Lone Mountain/USF,19,40,-0.12170393562793042,0
RICHMOND,Lone Mountain/USF,20,51,-0.07365178350621185,0
RICHMOND,Lone Mountain/USF,21,43,-0.10859880323109808,0
RICHMOND,Lone Mountain/USF,22,50,-0.07802016097182263,0
RICHMOND,Lone Mountain/USF,23,27,-0.17849284268087054,0
RICHMOND,Outer Richmond,0,1,-0.2920706567867508,0
RICHMOND,Outer Richmond,1,3,-0.28333390185552926,0
RICHMOND,Outer Richmond,2,1,-0.2920706567867508,0
RICHMOND,Outer Richmond,6,1,-0.2920706567867508,0
RICHMOND,Outer Richmond,7,5,-0.2745971469243077,0
RICHMOND,Outer Richmond,8,10,-0.2527552595962538,0
RICHMOND,Outer Richmond,9,15,-0.23091337226819988,0
RICHMOND,Outer Richmond,10,13,-0.23965012719942144,0
RICHMOND,Outer Richmond,11,13,-0.23965012719942144,0
RICHMOND,Outer Richmond,12,14,-0.23528174973381066,0
RICHMOND,Outer Richmond,13,8,-0.26149201452747534,0
RICHMOND,Outer Richmond,14,10,-0.2527552595962538,0
RICHMOND,Outer Richmond,15,7,-0.26586039199308614,0
RICHMOND,Outer Richmond,16,10,-0.2527552595962538,0
RICHMOND,Outer Richmond,17,14,-0.23528174973381066,0
RICHMOND,Outer Richmond,18,9,-0.2571236370618646,0
RICHMOND,Outer Richmond,19,12,-0.24401850466503222,0
RICHMOND,Outer Richmond,20,10,-0.2527552595962538,0
RICHMOND,Outer Richmond,21,9,-0.2571236370618646,0
RICHMOND,Outer Richmond,22,9,-0.2571236370618646,0
RICHMOND,Outer Richmond,23,3,-0.28333390185552926,0
RICHMOND,Pacific Heights,7,2,-0.28770227932114,0
RICHMOND,Pacific Heights,9,1,-0.2920706567867508,0
RICHMOND,Pacific Heights,13,1,-0.2920706567867508,0
RICHMOND,Pacific Heights,15,1,-0.2920706567867508,0
RICHMOND,Pacific Heights,16,1,-0.2920706567867508,0
RICHMOND,Pacific Heights,17,1,-0.2920706567867508,0
RICHMOND,Pacific Heights,18,1,-0.2920706567867508,0
RICHMOND,Pacific Heights,19,1,-0.2920706567867508,0
RICHMOND,Pacific Heights,21,1,-0.2920706567867508,0
RICHMOND,Presidio Heights,1,1,-0.2920706567867508,0
RICHMOND,Presidio Heights,2,1,-0.2920706567867508,0
RICHMOND,Presidio Heights,3,2,-0.28770227932114,0
RICHMOND,Presidio Heights,4,2,-0.28770227932114,0
RICHMOND,Presidio Heights,6,1,-0.2920706567867508,0
RICHMOND,Presidio Heights,7,1,-0.2920706567867508,0
RICHMOND,Presidio Heights,8,3,-0.28333390185552926,0
RICHMOND,Presidio Heights,9,1,-0.2920706567867508,0
RICHMOND,Presidio Heights,10,3,-0.28333390185552926,0
RICHMOND,Presidio Heights,11,2,-0.28770227932114,0
RICHMOND,Presidio Heights,13,5,-0.2745971469243077,0
RICHMOND,Presidio Heights,14,2,-0.28770227932114,0
RICHMOND,Presidio Heights,15,2,-0.28770227932114,0
RICHMOND,Presidio Heights,16,2,-0.28770227932114,0
RICHMOND,Presidio Heights,17,5,-0.2745971469243077,0
RICHMOND,Presidio Heights,21,1,-0.2920706567867508,0
RICHMOND,Presidio Heights,22,2,-0.28770227932114,0
RICHMOND,Presidio Heights,23,1,-0.2920706567867508,0
RICHMOND,Seacliff,0,12,-0.24401850466503222,0
RICHMOND,Seacliff,1,11,-0.248386882130643,0
RICHMOND,Seacliff,2,9,-0.2571236370618646,0
RICHMOND,Seacliff,3,4,-0.27896552438991845,0
RICHMOND,Seacliff,4,5,-0.2745971469243077,0
RICHMOND,Seacliff,5,12,-0.24401850466503222,0
RICHMOND,Seacliff,6,16,-0.2265449948025891,0
RICHMOND,Seacliff,7,29,-0.16975608774964898,0
RICHMOND,Seacliff,8,33,-0.15228257788720587,0
RICHMOND,Seacliff,9,38,-0.13044069055915197,0
RICHMOND,Seacliff,10,53,-0.06491502857499029,0
RICHMOND,Seacliff,11,41,-0.11733555816231964,0
RICHMOND,Seacliff,12,39,-0.1260723130935412,0
RICHMOND,Seacliff,13,29,-0.16975608774964898,0
RICHMOND,Seacliff,14,39,-0.1260723130935412,0
RICHMOND,Seacliff,15,41,-0.11733555816231964,0
RICHMOND,Seacliff,16,44,-0.1042304257654873,0
RICHMOND,Seacliff,17,57,-0.04744151871254717,0
RICHMOND,Seacliff,18,48,-0.08675691590304418,0
RICHMOND,Seacliff,19,50,-0.07802016097182263,0
RICHMOND,Seacliff,20,24,-0.19159797507770288,0
RICHMOND,Seacliff,21,33,-0.15228257788720587,0
RICHMOND,Seacliff,22,23,-0.19596635254331365,0
RICHMOND,Seacliff,23,13,-0.23965012719942144,0
SOUTHERN,Financial District/South Beach,1,3,-0.28333390185552926,0
SOUTHERN,Financial District/South Beach,2,2,-0.28770227932114,0
SOUTHERN,Financial District/South Beach,3,3,-0.28333390185552926,0
SOUTHERN,Financial District/South Beach,4,4,-0.27896552438991845,0
SOUTHERN,Financial District/South Beach,5,2,-0.28770227932114,0
SOUTHERN,Financial District/South Beach,6,3,-0.28333390185552926,0
SOUTHERN,Financial District/South Beach,7,3,-0.28333390185552926,0
SOUTHERN,Financial District/South Beach,8,2,-0.28770227932114,0
SOUTHERN,Financial District/South Beach,9,6,-0.2702287694586969,0
SOUTHERN,Financial District/South Beach,10,4,-0.27896552438991845,0
SOUTHERN,Financial District/South Beach,11,10,-0.2527552595962538,0
SOUTHERN,Financial District/South Beach,12,11,-0.248386882130643,0
SOUTHERN,Financial District/South Beach,13,2,-0.28770227932114,0
SOUTHERN,Financial District/South Beach,14,1,-0.2920706567867508,0
SOUTHERN,Financial District/South Beach,15,8,-0.26149201452747534,0
SOUTHERN,Financial District/South Beach,16,11,-0.248386882130643,0
SOUTHERN,Financial District/South Beach,17,8,-0.26149201452747534,0
SOUTHERN,Financial District/South Beach,18,4,-0.27896552438991845,0
SOUTHERN,Financial District/South Beach,19,6,-0.2702287694586969,0
SOUTHERN,Financial District/South Beach,20,7,-0.26586039199308614,0
SOUTHERN,Financial District/South Beach,22,5,-0.2745971469243077,0
SOUTHERN,Financial District/South Beach,23,2,-0.28770227932114,0
SOUTHERN,Hayes Valley,0,4,-0.27896552438991845,0
SOUTHERN,Hayes Valley,1,9,-0.2571236370618646,0
SOUTHERN,Hayes Valley,2,8,-0.26149201452747534,0
SOUTHERN,Hayes Valley,3,7,-0.26586039199308614,0
SOUTHERN,Hayes Valley,4,6,-0.2702287694586969,0
SOUTHERN,Hayes Valley,5,6,-0.2702287694586969,0
SOUTHERN,Hayes Valley,6,2,-0.28770227932114,0
SOUTHERN,Hayes Valley,7,12,-0.24401850466503222,0
SOUTHERN,Hayes Valley,8,13,-0.23965012719942144,0
SOUTHERN,Hayes Valley,9,28,-0.17412446521525976,0
SOUTHERN,Hayes Valley,10,23,-0.19596635254331365,0
SOUTHERN,Hayes Valley,11,15,-0.23091337226819988,0
SOUTHERN,Hayes Valley,12,16,-0.2265449948025891,0
SOUTHERN,Hayes Valley,13,13,-0.23965012719942144,0
SOUTHERN,Hayes Valley,14,14,-0.23528174973381066,0
SOUTHERN,Hayes Valley,15,11,-0.248386882130643,0
SOUTHERN,Hayes Valley,16,19,-0.21343986240575677,0
SOUTHERN,Hayes Valley,17,13,-0.23965012719942144,0
SOUTHERN,Hayes Valley,18,20,-0.209071484940146,0
SOUTHERN,Hayes Valley,19,11,-0.248386882130643,0
SOUTHERN,Hayes Valley,20,11,-0.248386882130643,0
SOUTHERN,Hayes Valley,21,8,-0.26149201452747534,0
SOUTHERN,Hayes Valley,22,10,-0.2527552595962538,0
SOUTHERN,Hayes Valley,23,1,-0.2920706567867508,0
SOUTHERN,Mission,0,5,-0.2745971469243077,0
SOUTHERN,Mission,1,5,-0.2745971469243077,0
SOUTHERN,Mission,2,8,-0.26149201452747534,0
SOUTHERN,Mission,3,5,-0.2745971469243077,0
SOUTHERN,Mission,4,7,-0.26586039199308614,0
SOUTHERN,Mission,5,12,-0.24401850466503222,0
SOUTHERN,Mission,6,7,-0.26586039199308614,0
SOUTHERN,Mission,7,16,-0.2265449948025891,0
SOUTHERN,Mission,8,42,-0.11296718069670886,0
SOUTHERN,Mission,9,32,-0.15665095535281665,0
SOUTHERN,Mission,10,28,-0.17412446521525976,0
SOUTHERN,Mission,11,14,-0.23528174973381066,0
SOUTHERN,Mission,12,27,-0.17849284268087054,0
SOUTHERN,Mission,13,36,-0.13917744549037353,0
SOUTHERN,Mission,14,16,-0.2265449948025891,0
SOUTHERN,Mission,15,20,-0.209071484940146,0
SOUTHERN,Mission,16,19,-0.21343986240575677,0
SOUTHERN,Mission,17,29,-0.16975608774964898,0
SOUTHERN,Mission,18,25,-0.1872295976120921,0
SOUTHERN,Mission,19,18,-0.21780823987136755,0
SOUTHERN,Mission,20,10,-0.2527552595962538,0
SOUTHERN,Mission,21,10,-0.2527552595962538,0
SOUTHERN,Mission,22,16,-0.2265449948025891,0
SOUTHERN,Mission,23,10,-0.2527552595962538,0
SOUTHERN,Mission Bay,0,48,-0.08675691590304418,0
SOUTHERN,Mission Bay,1,24,-0.19159797507770288,0
SOUTHERN,Mission Bay,2,32,-0.15665095535281665,0
SOUTHERN,Mission Bay,3,24,-0.19159797507770288,0
SOUTHERN,Mission Bay,4,17,-0.22217661733697833,0
SOUTHERN,Mission Bay,5,24,-0.19159797507770288,0
SOUTHERN,Mission Bay,6,43,-0.10859880323109808,0
SOUTHERN,Mission Bay,7,41,-0.11733555816231964,0
SOUTHERN,Mission Bay,8,53,-0.06491502857499029,0
SOUTHERN,Mission Bay,9,69,0.0049790108747821814,0
SOUTHERN,Mission Bay,10,61,-0.02996800885010405,0
SOUTHERN,Mission Bay,11,54,-0.060546651109379505,0
SOUTHERN,Mission Bay,12,51,-0.07365178350621185,0
SOUTHERN,Mission Bay,13,56,-0.05180989617815795,0
SOUTHERN,Mission Bay,14,39,-0.1260723130935412,0
SOUTHERN,Mission Bay,15,57,-0.04744151871254717,0
SOUTHERN,Mission Bay,16,45,-0.09986204829987652,0
SOUTHERN,Mission Bay,17,67,-0.0037577440564393765,0
SOUTHERN,Mission Bay,18,45,-0.09986204829987652,0
SOUTHERN,Mission Bay,19,45,-0.09986204829987652,0
SOUTHERN,Mission Bay,20,37,-0.13480906802476275,0
SOUTHERN,Mission Bay,21,33,-0.15228257788720587,0
SOUTHERN,Mission Bay,22,43,-0.10859880323109808,0
SOUTHERN,Mission Bay,23,34,-0.1479142004215951,0
SOUTHERN,Potrero Hill,5,1,-0.2920706567867508,0
SOUTHERN,Potrero Hill,10,1,-0.2920706567867508,0
SOUTHERN,Potrero Hill,12,1,-0.2920706567867508,0
SOUTHERN,Potrero Hill,13,1,-0.2920706567867508,0
SOUTHERN,Potrero Hill,15,1,-0.2920706567867508,0
SOUTHERN,South of Market,0,9,-0.2571236370618646,0
SOUTHERN,South of Market,1,9,-0.2571236370618646,0
SOUTHERN,South of Market,2,4,-0.27896552438991845,0
SOUTHERN,South of Market,3,6,-0.2702287694586969,0
SOUTHERN,South of Market,4,3,-0.28333390185552926,0
SOUTHERN,South of Market,5,7,-0.26586039199308614,0
SOUTHERN,South of Market,6,7,-0.26586039199308614,0
SOUTHERN,South of Market,7,12,-0.24401850466503222,0
SOUTHERN,South of Market,8,20,-0.209071484940146,0
SOUTHERN,South of Market,9,17,-0.22217661733697833,0
SOUTHERN,South of Market,10,15,-0.23091337226819988,0
SOUTHERN,South of Market,11,10,-0.2527552595962538,0
SOUTHERN,South of Market,12,19,-0.21343986240575677,0
SOUTHERN,South of Market,13,20,-0.209071484940146,0
SOUTHERN,South of Market,14,24,-0.19159797507770288,0
SOUTHERN,South of Market,15,16,-0.2265449948025891,0
SOUTHERN,South of Market,16,17,-0.22217661733697833,0
SOUTHERN,South of Market,17,18,-0.21780823987136755,0
SOUTHERN,South of Market,18,18,-0.21780823987136755,0
SOUTHERN,South of Market,19,9,-0.2571236370618646,0
SOUTHERN,South of Market,20,8,-0.26149201452747534,0
SOUTHERN,South of Market,21,11,-0.248386882130643,0
SOUTHERN,South of Market,22,7,-0.26586039199308614,0
SOUTHERN,South of Market,23,14,-0.23528174973381066,0
SOUTHERN,Treasure Island,0,1,-0.2920706567867508,0
SOUTHERN,Treasure Island,1,1,-0.2920706567867508,0
SOUTHERN,Treasure Island,4,1,-0.2920706567867508,0
SOUTHERN,Treasure Island,8,2,-0.28770227932114,0
SOUTHERN,Treasure Island,10,1,-0.2920706567867508,0
SOUTHERN,Treasure Island,13,1,-0.2920706567867508,0
SOUTHERN,Treasure Island,14,1,-0.2920706567867508,0
SOUTHERN,Treasure Island,18,1,-0.2920706567867508,0
SOUTHERN,Treasure Island,19,1,-0.2920706567867508,0
SOUTHERN,Treasure Island,20,1,-0.2920706567867508,0
SOUTHERN,Treasure Island,21,1,-0.2920706567867508,0
TARAVAL,Golden Gate Park,0,9,-0.2571236370618646,0
TARAVAL,Golden Gate Park,1,10,-0.2527552595962538,0
TARAVAL,Golden Gate Park,2,2,-0.28770227932114,0
TARAVAL,Golden Gate Park,3,3,-0.28333390185552926,0
TARAVAL,Golden Gate Park,4,3,-0.28333390185552926,0
TARAVAL,Golden Gate Park,5,7,-0.26586039199308614,0
TARAVAL,Golden Gate Park,6,19,-0.21343986240575677,0
TARAVAL,Golden Gate Park,7,53,-0.06491502857499029,0
TARAVAL,Golden Gate Park,8,26,-0.18286122014648132,0
TARAVAL,Golden Gate Park,9,56,-0.05180989617815795,0
TARAVAL,Golden Gate Park,10,54,-0.060546651109379505,0
TARAVAL,Golden Gate Park,11,59,-0.03870476378132561,0
TARAVAL,Golden Gate Park,12,81,0.05739954046211153,4
TARAVAL,Golden Gate Park,13,47,-0.09112529336865496,0
TARAVAL,Golden Gate Park,14,53,-0.06491502857499029,0
TARAVAL,Golden Gate Park,15,57,-0.04744151871254717,0
TARAVAL,Golden Gate Park,16,74,0.026820898202836077,0
TARAVAL,Golden Gate Park,17,58,-0.04307314124693639,0
TARAVAL,Golden Gate Park,18,51,-0.07365178350621185,0
TARAVAL,Golden Gate Park,19,37,-0.13480906802476275,0
TARAVAL,Golden Gate Park,20,34,-0.1479142004215951,0
TARAVAL,Golden Gate Park,21,22,-0.20033473000892443,0
TARAVAL,Golden Gate Park,22,18,-0.21780823987136755,0
TARAVAL,Golden Gate Park,23,13,-0.23965012719942144,0
TARAVAL,Inner Sunset,0,90,0.09671493765260854,4
TARAVAL,Inner Sunset,1,86,0.07924142779016542,4
TARAVAL,Inner Sunset,2,82,0.06176791792772231,4
TARAVAL,Inner Sunset,3,67,-0.0037577440564393765,0
TARAVAL,Inner Sunset,4,76,0.035557653134057635,0
TARAVAL,Inner Sunset,5,44,-0.1042304257654873,0
TARAVAL,Inner Sunset,6,62,-0.02559963138449327,0
TARAVAL,Inner Sunset,7,168,0.4374483799702493,4
TARAVAL,Inner Sunset,8,160,0.4025013602453631,4
TARAVAL,Inner Sunset,9,135,0.2932919236050936,4
TARAVAL,Inner Sunset,10,161,0.40686973771097384,4
TARAVAL,Inner Sunset,11,148,0.35008083065803375,4
TARAVAL,Inner Sunset,12,195,0.5553945715417403,4
TARAVAL,Inner Sunset,13,169,0.4418167574358601,4
TARAVAL,Inner Sunset,14,145,0.3369756982612014,4
TARAVAL,Inner Sunset,15,150,0.3588175855892553,4
TARAVAL,Inner Sunset,16,122,0.23650301655215347,4
TARAVAL,Inner Sunset,17,161,0.40686973771097384,4
TARAVAL,Inner Sunset,18,170,0.4461851349014709,4
TARAVAL,Inner Sunset,19,170,0.4461851349014709,4
TARAVAL,Inner Sunset,20,117,0.21466112922409958,4
TARAVAL,Inner Sunset,21,110,0.18408248696482413,4
TARAVAL,Inner Sunset,22,99,0.13603033484310556,4
TARAVAL,Inner Sunset,23,125,0.2496081489489858,4
TARAVAL,Lakeshore,0,1,-0.2920706567867508,0
TARAVAL,Lakeshore,1,2,-0.28770227932114,0
TARAVAL,Lakeshore,2,3,-0.28333390185552926,0
TARAVAL,Lakeshore,3,2,-0.28770227932114,0
TARAVAL,Lakeshore,5,1,-0.2920706567867508,0
TARAVAL,Lakeshore,6,2,-0.28770227932114,0
TARAVAL,Lakeshore,7,6,-0.2702287694586969,0
TARAVAL,Lakeshore,8,3,-0.28333390185552926,0
TARAVAL,Lakeshore,9,9,-0.2571236370618646,0
TARAVAL,Lakeshore,10,5,-0.2745971469243077,0
TARAVAL,Lakeshore,11,5,-0.2745971469243077,0
TARAVAL,Lakeshore,12,6,-0.2702287694586969,0
TARAVAL,Lakeshore,13,8,-0.26149201452747534,0
TARAVAL,Lakeshore,14,7,-0.26586039199308614,0
TARAVAL,Lakeshore,15,8,-0.26149201452747534,0
TARAVAL,Lakeshore,16,7,-0.26586039199308614,0
TARAVAL,Lakeshore,17,8,-0.26149201452747534,0
TARAVAL,Lakeshore,18,4,-0.27896552438991845,0
TARAVAL,Lakeshore,19,4,-0.27896552438991845,0
TARAVAL,Lakeshore,20,8,-0.26149201452747534,0
TARAVAL,Lakeshore,21,6,-0.2702287694586969,0
TARAVAL,Lakeshore,22,6,-0.2702287694586969,0
TARAVAL,Lakeshore,23,9,-0.2571236370618646,0
TARAVAL,Oceanview/Merced/Ingleside,0,19,-0.21343986240575677,0
TARAVAL,Oceanview/Merced/Ingleside,1,23,-0.19596635254331365,0
TARAVAL,Oceanview/Merced/Ingleside,2,27,-0.17849284268087054,0
TARAVAL,Oceanview/Merced/Ingleside,3,11,-0.248386882130643,0
TARAVAL,Oceanview/Merced/Ingleside,4,19,-0.21343986240575677,0
TARAVAL,Oceanview/Merced/Ingleside,5,22,-0.20033473000892443,0
TARAVAL,Oceanview/Merced/Ingleside,6,17,-0.22217661733697833,0
TARAVAL,Oceanview/Merced/Ingleside,7,41,-0.11733555816231964,0
TARAVAL,Oceanview/Merced/Ingleside,8,58,-0.04307314124693639,0
TARAVAL,Oceanview/Merced/Ingleside,9,68,0.0006106334091714026,0
TARAVAL,Oceanview/Merced/Ingleside,10,36,-0.13917744549037353,0
TARAVAL,Oceanview/Merced/Ingleside,11,53,-0.06491502857499029,0
TARAVAL,Oceanview/Merced/Ingleside,12,68,0.0006106334091714026,0
TARAVAL,Oceanview/Merced/Ingleside,13,50,-0.07802016097182263,0
TARAVAL,Oceanview/Merced/Ingleside,14,31,-0.16101933281842742,0
TARAVAL,Oceanview/Merced/Ingleside,15,56,-0.05180989617815795,0
TARAVAL,Oceanview/Merced/Ingleside,16,52,-0.06928340604060107,0
TARAVAL,Oceanview/Merced/Ingleside,17,42,-0.11296718069670886,0
TARAVAL,Oceanview/Merced/Ingleside,18,54,-0.060546651109379505,0
TARAVAL,Oceanview/Merced/Ingleside,19,45,-0.09986204829987652,0
TARAVAL,Oceanview/Merced/Ingleside,20,34,-0.1479142004215951,0
TARAVAL,Oceanview/Merced/Ingleside,21,31,-0.16101933281842742,0
TARAVAL,Oceanview/Merced/Ingleside,22,58,-0.04307314124693639,0
TARAVAL,Oceanview/Merced/Ingleside,23,32,-0.15665095535281665,0
TARAVAL,Outer Mission,13,1,-0.2920706567867508,0
TARAVAL,Outer Mission,17,1,-0.2920706567867508,0
TARAVAL,Sunset/Parkside,0,56,-0.05180989617815795,0
TARAVAL,Sunset/Parkside,1,36,-0.13917744549037353,0
TARAVAL,Sunset/Parkside,2,40,-0.12170393562793042,0
TARAVAL,Sunset/Parkside,3,29,-0.16975608774964898,0
TARAVAL,Sunset/Parkside,4,20,-0.209071484940146,0
TARAVAL,Sunset/Parkside,5,32,-0.15665095535281665,0
TARAVAL,Sunset/Parkside,6,46,-0.09549367083426574,0
TARAVAL,Sunset/Parkside,7,79,0.04866278553088997,0
TARAVAL,Sunset/Parkside,8,87,0.0836098052557762,4
TARAVAL,Sunset/Parkside,9,95,0.11855682498066245,4
TARAVAL,Sunset/Parkside,10,93,0.10982007004944089,4
TARAVAL,Sunset/Parkside,11,78,0.04429440806527919,0
TARAVAL,Sunset/Parkside,12,92,0.1054516925838301,4
TARAVAL,Sunset/Parkside,13,93,0.10982007004944089,4
TARAVAL,Sunset/Parkside,14,84,0.07050467285894386,4
TARAVAL,Sunset/Parkside,15,113,0.19718761936165646,4
TARAVAL,Sunset/Parkside,16,98,0.13166195737749478,4
TARAVAL,Sunset/Parkside,17,104,0.15787222217115945,4
TARAVAL,Sunset/Parkside,18,77,0.03992603059966841,0
TARAVAL,Sunset/Parkside,19,89,0.09234656018699776,4
TARAVAL,Sunset/Parkside,20,77,0.03992603059966841,0
TARAVAL,Sunset/Parkside,21,84,0.07050467285894386,4
TARAVAL,Sunset/Parkside,22,125,0.2496081489489858,4
TARAVAL,Sunset/Parkside,23,78,0.04429440806527919,0
TARAVAL,West of Twin Peaks,0,48,-0.08675691590304418,0
TARAVAL,West of Twin Peaks,1,28,-0.17412446521525976,0
TARAVAL,West of Twin Peaks,2,14,-0.23528174973381066,0
TARAVAL,West of Twin Peaks,3,25,-0.1872295976120921,0
TARAVAL,West of Twin Peaks,4,40,-0.12170393562793042,0
TARAVAL,West of Twin Peaks,5,21,-0.2047031074745352,0
TARAVAL,West of Twin Peaks,6,22,-0.20033473000892443,0
TARAVAL,West of Twin Peaks,7,35,-0.1435458229559843,0
TARAVAL,West of Twin Peaks,8,56,-0.05180989617815795,0
TARAVAL,West of Twin Peaks,9,71,0.01371576580600374,0
TARAVAL,West of Twin Peaks,10,52,-0.06928340604060107,0
TARAVAL,West of Twin Peaks,11,49,-0.0823885384374334,0
TARAVAL,West of Twin Peaks,12,72,0.01808414327161452,0
TARAVAL,West of Twin Peaks,13,59,-0.03870476378132561,0
TARAVAL,West of Twin Peaks,14,44,-0.1042304257654873,0
TARAVAL,West of Twin Peaks,15,58,-0.04307314124693639,0
TARAVAL,West of Twin Peaks,16,49,-0.0823885384374334,0
TARAVAL,West of Twin Peaks,17,60,-0.03433638631571483,0
TARAVAL,West of Twin Peaks,18,45,-0.09986204829987652,0
TARAVAL,West of Twin Peaks,19,45,-0.09986204829987652,0
TARAVAL,West of Twin Peaks,20,33,-0.15228257788720587,0
TARAVAL,West of Twin Peaks,21,46,-0.09549367083426574,0
TARAVAL,West of Twin Peaks,22,52,-0.06928340604060107,0
TARAVAL,West of Twin Peaks,23,44,-0.1042304257654873,0
TENDERLOIN,Financial District/South Beach,0,9,-0.2571236370618646,0
TENDERLOIN,Financial District/South Beach,1,9,-0.2571236370618646,0
TENDERLOIN,Financial District/South Beach,2,9,-0.2571236370618646,0
TENDERLOIN,Financial District/South Beach,3,7,-0.26586039199308614,0
TENDERLOIN,Financial District/South Beach,4,4,-0.27896552438991845,0
TENDERLOIN,Financial District/South Beach,5,13,-0.23965012719942144,0
TENDERLOIN,Financial District/South Beach,6,10,-0.2527552595962538,0
TENDERLOIN,Financial District/South Beach,7,16,-0.2265449948025891,0
TENDERLOIN,Financial District/South Beach,8,17,-0.22217661733697833,0
TENDERLOIN,Financial District/South Beach,9,31,-0.16101933281842742,0
TENDERLOIN,Financial District/South Beach,10,72,0.01808414327161452,0
TENDERLOIN,Financial District/South Beach,11,97,0.127293579911884,4
TENDERLOIN,Financial District/South Beach,12,88,0.08797818272138698,4
TENDERLOIN,Financial District/South Beach,13,102,0.1491354672399379,4
TENDERLOIN,Financial District/South Beach,14,98,0.13166195737749478,4
TENDERLOIN,Financial District/South Beach,15,87,0.0836098052557762,4
TENDERLOIN,Financial District/South Beach,16,89,0.09234656018699776,4
TENDERLOIN,Financial District/South Beach,17,86,0.07924142779016542,4
TENDERLOIN,Financial District/South Beach,18,90,0.09671493765260854,4
TENDERLOIN,Financial District/South Beach,19,65,-0.012494498987660935,0
TENDERLOIN,Financial District/South Beach,20,22,-0.20033473000892443,0
TENDERLOIN,Financial District/South Beach,21,16,-0.2265449948025891,0
TENDERLOIN,Financial District/South Beach,22,10,-0.2527552595962538,0
TENDERLOIN,Financial District/South Beach,23,21,-0.2047031074745352,0
TENDERLOIN,South of Market,0,3,-0.28333390185552926,0
TENDERLOIN,South of Market,1,3,-0.28333390185552926,0
TENDERLOIN,South of Market,2,1,-0.2920706567867508,0
TENDERLOIN,South of Market,3,1,-0.2920706567867508,0
TENDERLOIN,South of Market,4,2,-0.28770227932114,0
TENDERLOIN,South of Market,5,1,-0.2920706567867508,0
TENDERLOIN,South of Market,6,2,-0.28770227932114,0
TENDERLOIN,South of Market,7,2,-0.28770227932114,0
TENDERLOIN,South of Market,8,1,-0.2920706567867508,0
TENDERLOIN,South of Market,9,3,-0.28333390185552926,0
TENDERLOIN,South of Market,10,10,-0.2527552595962538,0
TENDERLOIN,South of Market,11,4,-0.27896552438991845,0
TENDERLOIN,South of Market,12,2,-0.28770227932114,0
TENDERLOIN,South of Market,13,6,-0.2702287694586969,0
TENDERLOIN,South of Market,14,6,-0.2702287694586969,0
TENDERLOIN,South of Market,15,9,-0.2571236370618646,0
TENDERLOIN,South of Market,16,12,-0.24401850466503222,0
TENDERLOIN,South of Market,17,6,-0.2702287694586969,0
TENDERLOIN,South of Market,18,3,-0.28333390185552926,0
TENDERLOIN,South of Market,19,5,-0.2745971469243077,0
TENDERLOIN,South of Market,20,8,-0.26149201452747534,0
TENDERLOIN,South of Market,21,4,-0.27896552438991845,0
TENDERLOIN,South of Market,22,3,-0.28333390185552926,0
TENDERLOIN,South of Market,23,3,-0.28333390185552926,0
TENDERLOIN,Tenderloin,0,1479,6.164391237385981,3
TENDERLOIN,Tenderloin,1,1236,5.102875513242562,3
TENDERLOIN,Tenderloin,2,1154,4.744668561062478,3
TENDERLOIN,Tenderloin,3,1066,4.360251344088729,3
TENDERLOIN,Tenderloin,4,835,3.3511561495326387,3
TENDERLOIN,Tenderloin,5,945,3.8316776707498246,3
TENDERLOIN,Tenderloin,6,998,4.063201676427196,3
TENDERLOIN,Tenderloin,7,1262,5.216453327348442,3
TENDERLOIN,Tenderloin,8,1616,6.762858950174658,1
TENDERLOIN,Tenderloin,9,1732,7.269590736185508,1
TENDERLOIN,Tenderloin,10,1847,7.771954144730748,1
TENDERLOIN,Tenderloin,11,1818,7.645271198228035,1
TENDERLOIN,Tenderloin,12,1865,7.850584939111742,1
TENDERLOIN,Tenderloin,13,1897,7.990373018011287,1
TENDERLOIN,Tenderloin,14,1854,7.802532786990024,1
TENDERLOIN,Tenderloin,15,2220,9.401358939403568,1
TENDERLOIN,Tenderloin,16,2263,9.58919917042483,1
TENDERLOIN,Tenderloin,17,2034,8.588840730799964,1
TENDERLOIN,Tenderloin,18,1956,8.248107288482323,1
TENDERLOIN,Tenderloin,19,1955,8.243738911016711,1
TENDERLOIN,Tenderloin,20,1932,8.143266229307665,1
TENDERLOIN,Tenderloin,21,2115,8.942679305514437,1
TENDERLOIN,Tenderloin,22,2084,8.807259604080503,1
TENDERLOIN,Tenderloin,23,1769,7.431220702413107,1
